s_city_id,s_city,s_lat,s_lon,s_pop,s_country,s_Volume,e_city_id,e_City,e_lat,e_lon,e_pop,e_country,e_vol
228,Hechi,23.09653465,109.6091129,3275189.5,China,291099,1,Sarh,9.149969909,18.39002966,135862,Chad,1
229,Hechi,23.09653465,109.6091129,3275189.5,China,291099,2,Tandil,-37.32001015,-59.15004358,84799.5,Argentina,1
230,Hechi,23.09653465,109.6091129,3275189.5,China,291099,3,Victorville,34.5365082,-117.2903191,83496,United States of America,1
231,Hechi,23.09653465,109.6091129,3275189.5,China,291099,4,Cranbourne,-38.09960081,145.2833695,249955,Australia,1
232,Hechi,23.09653465,109.6091129,3275189.5,China,291099,5,Curico,-34.97999795,-71.24002914,108074.5,Chile,1
233,Hechi,23.09653465,109.6091129,3275189.5,China,291099,6,Dahuk,36.86670013,43.00000263,620500,Iraq,1
234,Hechi,23.09653465,109.6091129,3275189.5,China,291099,7,Olympia,47.03804486,-122.899434,100950,United States of America,1
235,Hechi,23.09653465,109.6091129,3275189.5,China,291099,8,Oostanay,53.22089744,63.62830196,223450.5,Kazakhstan,1
236,Hechi,23.09653465,109.6091129,3275189.5,China,291099,9,Oran,35.71000246,-0.61997278,721992,Algeria,1
623,San Jose,9.93501243,-84.08405135,642862,Costa Rica,302064,10,Asheville,35.60119773,-82.55414474,105775,United States of America,1
624,San Jose,9.93501243,-84.08405135,642862,Costa Rica,302064,11,Asti,44.92998232,8.209979206,63410.5,Italy,1
625,San Jose,9.93501243,-84.08405135,642862,Costa Rica,302064,12,Athens,33.96129783,-83.3780221,78017.5,United States of America,1
626,San Jose,9.93501243,-84.08405135,642862,Costa Rica,302064,13,Atlanta,33.83001385,-84.39994938,2464454,United States of America,1
627,San Jose,9.93501243,-84.08405135,642862,Costa Rica,302064,14,Atyrau,47.11269147,51.92002437,170583,Kazakhstan,1
628,San Jose,9.93501243,-84.08405135,642862,Costa Rica,302064,15,Aurora,41.76539512,-88.29999557,273949.5,United States of America,1
629,San Jose,9.93501243,-84.08405135,642862,Costa Rica,302064,16,Babruysk,53.12656211,29.19278113,212821.5,Belarus,1
222,Haifa,32.8204114,34.98002478,639150,Israel,400017,17,Ballarat,-37.55958209,143.8400468,73404,Australia,1
223,Haifa,32.8204114,34.98002478,639150,Israel,400017,18,Barnaul,53.35499778,83.74500688,569711,Russia,1
224,Haifa,32.8204114,34.98002478,639150,Israel,400017,19,Lanzhou,36.05602785,103.7920003,2282609,China,1
225,Haifa,32.8204114,34.98002478,639150,Israel,400017,20,L'Aquila,42.35039817,13.39002478,62201.5,Italy,1
226,Haifa,32.8204114,34.98002478,639150,Israel,400017,21,Larache,35.20042116,-6.160022218,114688,Morocco,1
227,Haifa,32.8204114,34.98002478,639150,Israel,400017,22,Le Mans,48.00041506,0.099983275,143392.5,France,1
657,Ulaanbaatar,47.9166734,106.9166158,827306,Mongolia,645321,23,Elkhart,41.68294537,-85.96879419,100295,United States of America,1
658,Ulaanbaatar,47.9166734,106.9166158,827306,Mongolia,645321,24,Encarnacion,-27.34718482,-55.87391878,251813.5,Paraguay,1
659,Ulaanbaatar,47.9166734,106.9166158,827306,Mongolia,645321,25,Erechim,-27.63000731,-52.26999841,85365.5,Brazil,1
660,Ulaanbaatar,47.9166734,106.9166158,827306,Mongolia,645321,26,Everett,47.9604175,-122.1999677,291948,United States of America,1
661,Ulaanbaatar,47.9166734,106.9166158,827306,Mongolia,645321,27,Exeter,50.70040529,-3.529950197,108242,United Kingdom,1
662,Ulaanbaatar,47.9166734,106.9166158,827306,Mongolia,645321,28,Faisalabad,31.40998069,73.10999711,2561797.5,Pakistan,1
663,Ulaanbaatar,47.9166734,106.9166158,827306,Mongolia,645321,29,Fargo,46.8772278,-96.7894257,127472.5,United States of America,1
664,Ulaanbaatar,47.9166734,106.9166158,827306,Mongolia,645321,30,Fayetteville,36.06297833,-94.15720911,108267.5,United States of America,1
665,Ulaanbaatar,47.9166734,106.9166158,827306,Mongolia,645321,31,Florianopolis,-27.57998452,-48.52002059,568783,Brazil,1
666,Ulaanbaatar,47.9166734,106.9166158,827306,Mongolia,645321,32,Fort Pierce,27.44678591,-80.3258053,132984,United States of America,1
667,Ulaanbaatar,47.9166734,106.9166158,827306,Mongolia,645321,33,Fort Wayne,41.08039817,-85.12998234,264793,United States of America,1
668,Ulaanbaatar,47.9166734,106.9166158,827306,Mongolia,645321,34,Fresno,36.7477169,-119.7729841,540768,United States of America,1
669,Ulaanbaatar,47.9166734,106.9166158,827306,Mongolia,645321,35,Ft. Myers,26.64029767,-81.86049199,120810.5,United States of America,1
670,Ulaanbaatar,47.9166734,106.9166158,827306,Mongolia,645321,36,Fukui,36.07041974,136.2200468,241288.5,Japan,1
671,Ulaanbaatar,47.9166734,106.9166158,827306,Mongolia,645321,37,Furth,49.47001528,10.99998979,174934.5,Germany,1
672,Ulaanbaatar,47.9166734,106.9166158,827306,Mongolia,645321,38,Gävle,60.66698041,17.1666418,68235.5,Sweden,1
673,Ulaanbaatar,47.9166734,106.9166158,827306,Mongolia,645321,39,Galway,53.272393,-9.048812298,73140,Ireland,1
674,Ulaanbaatar,47.9166734,106.9166158,827306,Mongolia,645321,40,Ganca,40.68499595,46.35002844,301699.5,Azerbaijan,1
675,Ulaanbaatar,47.9166734,106.9166158,827306,Mongolia,645321,41,Ganzhou,25.91997988,114.9500272,1216134.5,China,1
676,Ulaanbaatar,47.9166734,106.9166158,827306,Mongolia,645321,42,Garissa,-0.439625632,39.67002274,65948,Kenya,1
262,Johannesburg,-26.17004474,28.03000972,2730734.5,South Africa,666365,43,Chengdu,30.67000002,104.0700195,4036718.5,China,1
263,Johannesburg,-26.17004474,28.03000972,2730734.5,South Africa,666365,44,Chester,53.20002016,-2.919987428,83285.5,United Kingdom,1
264,Johannesburg,-26.17004474,28.03000972,2730734.5,South Africa,666365,45,Chihuahua,28.64498151,-106.0849823,750633.5,Mexico,1
265,Johannesburg,-26.17004474,28.03000972,2730734.5,South Africa,666365,46,Chita,52.05502545,113.4650016,293153.5,Russia,1
266,Johannesburg,-26.17004474,28.03000972,2730734.5,South Africa,666365,47,Chlef,36.17041363,1.319960489,449167,Algeria,1
267,Johannesburg,-26.17004474,28.03000972,2730734.5,South Africa,666365,48,Daytona Beach,29.21055422,-81.0230754,140775.5,United States of America,1
268,Johannesburg,-26.17004474,28.03000972,2730734.5,South Africa,666365,49,Denton,33.21576194,-97.12883651,138952.5,United States of America,1
269,Johannesburg,-26.17004474,28.03000972,2730734.5,South Africa,666365,50,Detroit,42.32996014,-83.08005579,2526135,United States of America,1
270,Johannesburg,-26.17004474,28.03000972,2730734.5,South Africa,666365,51,Divinopolis,-20.14953367,-44.89998316,181457,Brazil,1
271,Johannesburg,-26.17004474,28.03000972,2730734.5,South Africa,666365,52,Dondo,-19.61959186,34.7300142,75217.5,Mozambique,1
272,Johannesburg,-26.17004474,28.03000972,2730734.5,South Africa,666365,53,Dongguan,23.0488889,113.7447222,4528000,China,1
273,Johannesburg,-26.17004474,28.03000972,2730734.5,South Africa,666365,54,Dresden,51.04997052,13.75000281,552184.5,Germany,1
274,Johannesburg,-26.17004474,28.03000972,2730734.5,South Africa,666365,55,Drohobych,49.34436403,23.49938188,101837.5,Ukraine,1
275,Johannesburg,-26.17004474,28.03000972,2730734.5,South Africa,666365,56,Dublin,53.33306114,-6.248905682,1013988,Ireland,1
183,Dakar,14.71583173,-17.47313013,2540200,Senegal,765122,57,Beirut,33.87197512,35.50970821,1779062.5,Lebanon,1
184,Dakar,14.71583173,-17.47313013,2540200,Senegal,765122,58,Linhares,-19.38999347,-40.05002079,86413,Brazil,1
185,Dakar,14.71583173,-17.47313013,2540200,Senegal,765122,59,Linköping,58.41001223,15.62993974,94111.5,Sweden,1
186,Dakar,14.71583173,-17.47313013,2540200,Senegal,765122,60,Linyi,35.07998924,118.329976,1176334.5,China,1
187,Dakar,14.71583173,-17.47313013,2540200,Senegal,765122,61,Liverpool,53.41600181,-2.917997886,639972.5,United Kingdom,1
188,Dakar,14.71583173,-17.47313013,2540200,Senegal,765122,62,Lobito,-12.37000853,13.54123002,170733,Angola,1
189,Dakar,14.71583173,-17.47313013,2540200,Senegal,765122,63,Logrono,42.47036501,-2.429991497,123918.5,Spain,1
190,Dakar,14.71583173,-17.47313013,2540200,Senegal,765122,64,Londonderry,55.00037539,-7.333283937,82635,United Kingdom,1
191,Dakar,14.71583173,-17.47313013,2540200,Senegal,765122,65,Lorient,47.75040448,-3.366575156,71532,France,1
192,Dakar,14.71583173,-17.47313013,2540200,Senegal,765122,66,Los Angeles,-37.46000161,-72.35998661,135334.5,Chile,1
193,Dakar,14.71583173,-17.47313013,2540200,Senegal,765122,67,Louangphrabang,19.88453432,102.1416101,77260,Laos,1
194,Dakar,14.71583173,-17.47313013,2540200,Senegal,765122,68,Lujan,-34.57960895,-59.10999435,69744.5,Argentina,1
195,Dakar,14.71583173,-17.47313013,2540200,Senegal,765122,69,Santiago del Estero,-27.78333128,-64.26665633,317549.5,Argentina,1
196,Dakar,14.71583173,-17.47313013,2540200,Senegal,765122,70,Junin,-34.58456989,-60.95887374,66141.5,Argentina,1
197,Dakar,14.71583173,-17.47313013,2540200,Senegal,765122,71,Kagoshima,31.58596478,130.561064,536092.5,Japan,1
198,Dakar,14.71583173,-17.47313013,2540200,Senegal,765122,72,Kakamega,0.290407327,34.7300142,63426,Kenya,1
199,Dakar,14.71583173,-17.47313013,2540200,Senegal,765122,73,Kalamata,37.03891359,22.11419511,61465.5,Greece,1
200,Dakar,14.71583173,-17.47313013,2540200,Senegal,765122,74,Kalamazoo,42.29215883,-85.58718958,128759.5,United States of America,1
201,Dakar,14.71583173,-17.47313013,2540200,Senegal,765122,75,Kamensk Uralskiy,56.42046958,61.9350203,176598.5,Russia,1
202,Dakar,14.71583173,-17.47313013,2540200,Senegal,765122,76,Kampong Cham,12.00044191,105.4500386,72491.5,Cambodia,1
203,Dakar,14.71583173,-17.47313013,2540200,Senegal,765122,77,Kamyanets-Podilskyy,48.68430096,26.58089921,107329,Ukraine,1
204,Dakar,14.71583173,-17.47313013,2540200,Senegal,765122,78,Kamyshin,50.08039146,45.40000891,82613,Russia,1
205,Dakar,14.71583173,-17.47313013,2540200,Senegal,765122,79,Kanazawa,36.56000226,136.6400211,505093,Japan,1
206,Dakar,14.71583173,-17.47313013,2540200,Senegal,765122,80,Kanoya,31.38331565,130.8500386,68513.5,Japan,1
207,Dakar,14.71583173,-17.47313013,2540200,Senegal,765122,81,Rostock,54.07038047,12.14999711,200686.5,Germany,1
208,Dakar,14.71583173,-17.47313013,2540200,Senegal,765122,82,Skopje,42.00000612,21.43346147,484488,Macedonia,1
209,Dakar,14.71583173,-17.47313013,2540200,Senegal,765122,83,Townsville,-19.24995034,146.7699971,129212,Australia,1
210,Dakar,14.71583173,-17.47313013,2540200,Senegal,765122,84,Szekesfehervar,47.19467613,18.40806474,122959.5,Hungary,1
211,Dakar,14.71583173,-17.47313013,2540200,Senegal,765122,85,Van,38.49543968,43.39997595,326262,Turkey,1
212,Dakar,14.71583173,-17.47313013,2540200,Senegal,765122,86,Mainz,49.98247246,8.273219156,184997,Germany,1
213,Dakar,14.71583173,-17.47313013,2540200,Senegal,765122,87,Maizuru,35.4504059,135.3333309,62531.5,Japan,1
214,Dakar,14.71583173,-17.47313013,2540200,Senegal,765122,88,Makkah,21.43002138,39.82003943,1354312,Saudi Arabia,1
215,Dakar,14.71583173,-17.47313013,2540200,Senegal,765122,89,Malacca,2.206414407,102.2464615,645916.5,Malaysia,1
216,Dakar,14.71583173,-17.47313013,2540200,Senegal,765122,90,Maladzyechna,54.31878908,26.86532629,96055,Belarus,1
217,Dakar,14.71583173,-17.47313013,2540200,Senegal,765122,91,Malanje,-9.540000388,16.34002559,106451,Angola,1
218,Dakar,14.71583173,-17.47313013,2540200,Senegal,765122,92,Male,4.16670819,73.49994747,108310,Maldives,1
219,Dakar,14.71583173,-17.47313013,2540200,Senegal,765122,93,Santo Domingo,18.47007285,-69.90008508,1078436.5,Dominican Republic,1
220,Dakar,14.71583173,-17.47313013,2540200,Senegal,765122,94,Takamatsu,34.34473696,134.044779,329861.5,Japan,1
221,Dakar,14.71583173,-17.47313013,2540200,Senegal,765122,95,Velikiy Novgorod,58.4999809,31.33001501,218717,Russia,1
579,Rome,41.89595563,12.48325842,1687226,Italy,800446,96,Mar del Plata,-38.00002033,-57.57998438,554916,Argentina,1
580,Rome,41.89595563,12.48325842,1687226,Italy,800446,97,Marbella,36.51661989,-4.88333012,153069.5,Spain,1
581,Rome,41.89595563,12.48325842,1687226,Italy,800446,98,Marietta,33.95561342,-84.54324813,61360,United States of America,1
582,Rome,41.89595563,12.48325842,1687226,Italy,800446,99,Maseru,-29.31667438,27.48327307,239839.5,Lesotho,1
583,Rome,41.89595563,12.48325842,1687226,Italy,800446,100,Masvingo,-20.05961668,30.8200203,76300.5,Zimbabwe,1
584,Rome,41.89595563,12.48325842,1687226,Italy,800446,101,Mataro,41.53995668,2.45002071,149826,Spain,1
585,Rome,41.89595563,12.48325842,1687226,Italy,800446,102,Matsue,35.46699404,133.0666475,150527,Japan,1
586,Rome,41.89595563,12.48325842,1687226,Italy,800446,103,Matsumoto,36.2404352,137.9700175,217796.5,Japan,1
587,Rome,41.89595563,12.48325842,1687226,Italy,800446,104,Matsuyama,33.84554262,132.765839,525089,Japan,1
588,Rome,41.89595563,12.48325842,1687226,Italy,800446,105,Medenine,33.399999,10.41669956,61705,Tunisia,1
589,Rome,41.89595563,12.48325842,1687226,Italy,800446,106,Medina,24.49998903,39.5800024,1010000,Saudi Arabia,1
590,Rome,41.89595563,12.48325842,1687226,Italy,800446,107,Melbourne,28.08331036,-80.60832035,170870,United States of America,1
591,Rome,41.89595563,12.48325842,1687226,Italy,800446,108,Melbourne,-37.82003131,144.9750162,2131812.5,Australia,1
592,Rome,41.89595563,12.48325842,1687226,Italy,800446,109,Metairie,29.98386619,-90.15277653,270171,United States of America,1
103,Berlin,52.52181866,13.40154862,3250007,Germany,904561,110,Tacoma,47.21131594,-122.5150131,460273,United States of America,1
104,Berlin,52.52181866,13.40154862,3250007,Germany,904561,111,Vancouver,49.27341658,-123.1216442,1458415,Canada,1
105,Berlin,52.52181866,13.40154862,3250007,Germany,904561,112,Columbia,38.95207847,-92.33390955,244754,United States of America,1
106,Berlin,52.52181866,13.40154862,3250007,Germany,904561,113,Adapazari,40.79997601,30.4150321,260109,Turkey,1
107,Berlin,52.52181866,13.40154862,3250007,Germany,904561,114,Adelaide,-34.93498777,138.6000048,990677,Australia,1
108,Berlin,52.52181866,13.40154862,3250007,Germany,904561,115,Aguascalientes,21.87945992,-102.2904135,763589.5,Mexico,1
109,Berlin,52.52181866,13.40154862,3250007,Germany,904561,116,Akron,41.07039878,-81.51999597,451155,United States of America,1
110,Berlin,52.52181866,13.40154862,3250007,Germany,904561,117,Al Ahmadi,29.0769448,48.08377274,68763,Kuwait,1
111,Berlin,52.52181866,13.40154862,3250007,Germany,904561,118,Al Jahra,29.33747154,47.6580623,194193,Kuwait,1
112,Berlin,52.52181866,13.40154862,3250007,Germany,904561,119,Albacete,39.00034426,-1.869999839,127597,Spain,1
113,Berlin,52.52181866,13.40154862,3250007,Germany,904561,120,Albany,42.67001691,-73.81994918,484286,United States of America,1
114,Berlin,52.52181866,13.40154862,3250007,Germany,904561,121,Alexandria,38.82043276,-77.09998153,127273,United States of America,1
115,Berlin,52.52181866,13.40154862,3250007,Germany,904561,122,Algeciras,36.12671215,-5.466530363,106687.5,Spain,1
116,Berlin,52.52181866,13.40154862,3250007,Germany,904561,123,Algiers,36.7630648,3.05055253,2665831.5,Algeria,1
117,Berlin,52.52181866,13.40154862,3250007,Germany,904561,124,Allentown,40.59998822,-75.50002751,300980.5,United States of America,1
118,Berlin,52.52181866,13.40154862,3250007,Germany,904561,125,Gisenyi,-1.684665915,29.26290605,83623,Rwanda,1
119,Berlin,52.52181866,13.40154862,3250007,Germany,904561,126,Gitarama,-2.069603659,29.75998165,87613,Rwanda,1
120,Berlin,52.52181866,13.40154862,3250007,Germany,904561,127,Gliwice,50.3303762,18.67001257,353252.5,Poland,1
121,Berlin,52.52181866,13.40154862,3250007,Germany,904561,128,Gold Coast,-28.08150429,153.4482458,429954.5,Australia,1
122,Berlin,52.52181866,13.40154862,3250007,Germany,904561,129,Goya,-29.13999266,-59.26998458,71274.5,Argentina,1
123,Berlin,52.52181866,13.40154862,3250007,Germany,904561,130,Graz,47.0777582,15.41000484,242780,Austria,1
124,Berlin,52.52181866,13.40154862,3250007,Germany,904561,131,Great Falls,47.50029055,-111.299987,61316.5,United States of America,1
125,Berlin,52.52181866,13.40154862,3250007,Germany,904561,132,Greeley,40.41919822,-104.739974,106142.5,United States of America,1
126,Berlin,52.52181866,13.40154862,3250007,Germany,904561,133,Greensboro,36.07000633,-79.80002344,310328,United States of America,1
127,Berlin,52.52181866,13.40154862,3250007,Germany,904561,134,Greenville,35.61287661,-77.3666836,81661,United States of America,1
373,Mendoza,-32.88333006,-68.81661117,827815,Argentina,987654,135,San Pedro de Macoris,18.4503583,-69.29996668,211019.5,Dominican Republic,1
374,Mendoza,-32.88333006,-68.81661117,827815,Argentina,987654,136,Stockton,37.95813397,-121.289739,488506.5,United States of America,1
375,Mendoza,-32.88333006,-68.81661117,827815,Argentina,987654,137,Usti Nad Labem,50.66299816,14.08100455,94105,Czech Republic,1
376,Mendoza,-32.88333006,-68.81661117,827815,Argentina,987654,138,Mexicali,32.64998252,-115.4800161,736138.5,Mexico,1
377,Mendoza,-32.88333006,-68.81661117,827815,Argentina,987654,139,Middlesbrough,54.58037518,-1.230013063,279374.5,United Kingdom,1
378,Mendoza,-32.88333006,-68.81661117,827815,Argentina,987654,140,Midland,32.030718,-102.0974996,98141.5,United States of America,1
379,Mendoza,-32.88333006,-68.81661117,827815,Argentina,987654,141,Mito,36.37042727,140.4800451,300215,Japan,1
380,Mendoza,-32.88333006,-68.81661117,827815,Argentina,987654,142,Moca,19.39699814,-70.52300059,61834,Dominican Republic,1
381,Mendoza,-32.88333006,-68.81661117,827815,Argentina,987654,143,Modesto,37.65541343,-120.9899899,269697,United States of America,1
382,Mendoza,-32.88333006,-68.81661117,827815,Argentina,987654,144,Mombasa,-4.040026022,39.68991817,840834,Kenya,1
383,Mendoza,-32.88333006,-68.81661117,827815,Argentina,987654,145,Rio Largo,-9.48000405,-35.83996769,110966,Brazil,1
384,Mendoza,-32.88333006,-68.81661117,827815,Argentina,987654,146,Shenzhen,22.55237051,114.1221231,4291796,China,1
385,Mendoza,-32.88333006,-68.81661117,827815,Argentina,987654,147,Toowoomba,-27.56453327,151.9555204,86711,Australia,1
386,Mendoza,-32.88333006,-68.81661117,827815,Argentina,987654,148,Santa Fe,35.68692893,-105.9372394,80943,United States of America,1
387,Mendoza,-32.88333006,-68.81661117,827815,Argentina,987654,149,Svobodnyy,51.40617617,128.1311865,62318.5,Russia,1
388,Mendoza,-32.88333006,-68.81661117,827815,Argentina,987654,150,Utsunomiya,36.54997703,139.8700048,558808.5,Japan,1
237,Ipoh,4.599989236,101.0649833,656227,Malaysia,1148668,151,Salerno,40.68039675,14.76994055,546922,Italy,1
238,Ipoh,4.599989236,101.0649833,656227,Malaysia,1148668,152,St. Cloud,45.56120994,-94.16222172,85974,United States of America,1
239,Ipoh,4.599989236,101.0649833,656227,Malaysia,1148668,153,Tuzla,44.5504706,18.6800378,143410,Bosnia and Herzegovina,1
240,Ipoh,4.599989236,101.0649833,656227,Malaysia,1148668,154,Kitami,43.8503583,143.8999914,103971.5,Japan,1
241,Ipoh,4.599989236,101.0649833,656227,Malaysia,1148668,155,Kitchener,43.44999514,-80.50000655,413056.5,Canada,1
242,Ipoh,4.599989236,101.0649833,656227,Malaysia,1148668,156,Klagenfurt,46.62034426,14.3100203,88588,Austria,1
243,Ipoh,4.599989236,101.0649833,656227,Malaysia,1148668,157,Klerksdorp,-26.88002724,26.62001827,163362.5,South Africa,1
244,Ipoh,4.599989236,101.0649833,656227,Malaysia,1148668,158,Koblenz,50.35047833,7.599990599,209976,Germany,1
245,Ipoh,4.599989236,101.0649833,656227,Malaysia,1148668,159,Kofu,35.6503937,138.5833134,193770,Japan,1
246,Ipoh,4.599989236,101.0649833,656227,Malaysia,1148668,160,Kokshetau,53.29998822,69.41998979,126658.5,Kazakhstan,1
247,Ipoh,4.599989236,101.0649833,656227,Malaysia,1148668,161,Kolpino,59.73000917,30.65000484,180938.5,Russia,1
248,Ipoh,4.599989236,101.0649833,656227,Malaysia,1148668,162,Kolwezi,-10.71672443,25.47243974,418000,Congo (Kinshasa),1
249,Ipoh,4.599989236,101.0649833,656227,Malaysia,1148668,163,Kompong Chhnang,12.25047833,104.6666239,65817,Cambodia,1
250,Ipoh,4.599989236,101.0649833,656227,Malaysia,1148668,164,Konotop,51.24238771,33.20902177,97672.5,Ukraine,1
251,Ipoh,4.599989236,101.0649833,656227,Malaysia,1148668,165,Koriyama,37.40997622,140.3799996,302581,Japan,1
252,Ipoh,4.599989236,101.0649833,656227,Malaysia,1148668,166,Koudougou,12.25047833,-2.369995159,85339,Burkina Faso,1
253,Ipoh,4.599989236,101.0649833,656227,Malaysia,1148668,167,Kraków,50.05997927,19.96001135,755525,Poland,1
254,Ipoh,4.599989236,101.0649833,656227,Malaysia,1148668,168,Kroonstad,-27.66003131,27.2100081,88413.5,South Africa,1
255,Ipoh,4.599989236,101.0649833,656227,Malaysia,1148668,169,Ksar El Kebir,35.02038047,-5.909985801,207676.5,Morocco,1
256,Ipoh,4.599989236,101.0649833,656227,Malaysia,1148668,170,Kuala Lumpur,3.166665872,101.6999833,1448000,Malaysia,1
257,Ipoh,4.599989236,101.0649833,656227,Malaysia,1148668,171,Kuopio,62.89428632,27.69493974,90502,Finland,1
258,Ipoh,4.599989236,101.0649833,656227,Malaysia,1148668,172,Ceuta,35.88898378,-5.30699935,78674,Spain,1
259,Ipoh,4.599989236,101.0649833,656227,Malaysia,1148668,173,Chalkida,38.46399457,23.61239823,63200,Greece,1
260,Ipoh,4.599989236,101.0649833,656227,Malaysia,1148668,174,Changde,29.02999676,111.6800459,993390,China,1
261,Ipoh,4.599989236,101.0649833,656227,Malaysia,1148668,175,Charlottesville,38.02918907,-78.47692591,61314,United States of America,1
276,Lima,-12.04801268,-77.05006209,7385117,Peru,1222446,176,Helsingborg,56.05049217,12.70004106,91164.5,Sweden,1
277,Lima,-12.04801268,-77.05006209,7385117,Peru,1222446,177,Higuey,18.61599603,-68.70799749,123787,Dominican Republic,1
278,Lima,-12.04801268,-77.05006209,7385117,Peru,1222446,178,Hinthada,17.64826255,95.46785722,157837.5,Myanmar,1
279,Lima,-12.04801268,-77.05006209,7385117,Peru,1222446,179,Hirosaki,40.56999005,140.4700199,171700.5,Japan,1
280,Lima,-12.04801268,-77.05006209,7385117,Peru,1222446,180,Honiara,-9.437994295,159.9497657,66313,Solomon Islands,1
281,Lima,-12.04801268,-77.05006209,7385117,Peru,1222446,181,Hradec Kralove,50.20599617,15.81200153,95195,Czech Republic,1
282,Lima,-12.04801268,-77.05006209,7385117,Peru,1222446,182,Huanuco,-9.920028871,-76.24000818,153052,Peru,1
283,Lima,-12.04801268,-77.05006209,7385117,Peru,1222446,183,Huaraz,-9.530026836,-77.53000696,74986.5,Peru,1
284,Lima,-12.04801268,-77.05006209,7385117,Peru,1222446,184,Huelva,37.25037355,-6.929949383,119732,Spain,1
285,Lima,-12.04801268,-77.05006209,7385117,Peru,1222446,185,Ioanina,39.66790041,20.85086137,75158,Greece,1
286,Lima,-12.04801268,-77.05006209,7385117,Peru,1222446,186,Iowa City,41.66108624,-91.52997929,81343,United States of America,1
287,Lima,-12.04801268,-77.05006209,7385117,Peru,1222446,187,Ipatinga,-19.4796004,-42.51999923,318320,Brazil,1
288,Lima,-12.04801268,-77.05006209,7385117,Peru,1222446,188,Rock Island,41.49339622,-90.53461369,102055.5,United States of America,1
289,Lima,-12.04801268,-77.05006209,7385117,Peru,1222446,189,Sivas,39.74541506,37.03498979,245801.5,Turkey,1
290,Lima,-12.04801268,-77.05006209,7385117,Peru,1222446,190,Toulon,43.13418645,5.918821566,263197,France,1
291,Lima,-12.04801268,-77.05006209,7385117,Peru,1222446,191,Borisoglebsk,51.36871075,42.08873816,64995,Russia,1
292,Lima,-12.04801268,-77.05006209,7385117,Peru,1222446,192,Boston,42.32996014,-71.07001367,2528070.5,United States of America,1
293,Lima,-12.04801268,-77.05006209,7385117,Peru,1222446,193,Boulder,40.03844627,-105.246093,106897.5,United States of America,1
294,Lima,-12.04801268,-77.05006209,7385117,Peru,1222446,194,Butare,-2.589623597,29.73000932,77000,Rwanda,1
295,Lima,-12.04801268,-77.05006209,7385117,Peru,1222446,195,Bydgoszcz,53.12041262,18.01000118,366222,Poland,1
296,Lima,-12.04801268,-77.05006209,7385117,Peru,1222446,196,Bytom,50.35003908,18.90999792,425716.5,Poland,1
297,Lima,-12.04801268,-77.05006209,7385117,Peru,1222446,197,Caxias do Sul,-29.17999022,-51.17003972,377580.5,Brazil,1
298,Lima,-12.04801268,-77.05006209,7385117,Peru,1222446,198,Cerro de Pasco,-10.69000771,-76.26998051,108071,Peru,1
299,Lima,-12.04801268,-77.05006209,7385117,Peru,1222446,199,Ceske Budejovice,48.98001935,14.46003699,97452,Czech Republic,1
562,Reykjavík,64.15002362,-21.95001449,140059,Iceland,1241978,200,Hyderabad,25.379987,68.37498897,1422665,Pakistan,1
563,Reykjavík,64.15002362,-21.95001449,140059,Iceland,1241978,201,Iligan,8.171244119,124.2153531,464599,Philippines,1
564,Reykjavík,64.15002362,-21.95001449,140059,Iceland,1241978,202,Iloilo,10.70504295,122.5450158,387681,Philippines,1
565,Reykjavík,64.15002362,-21.95001449,140059,Iceland,1241978,203,Kupang,-10.17866941,123.5829886,270798,Indonesia,1
566,Reykjavík,64.15002362,-21.95001449,140059,Iceland,1241978,204,Kure,34.25097007,132.5655928,196807.5,Japan,1
567,Reykjavík,64.15002362,-21.95001449,140059,Iceland,1241978,205,Kushiro,42.97495953,144.3746911,191089,Japan,1
568,Reykjavík,64.15002362,-21.95001449,140059,Iceland,1241978,206,Kuwait,29.36971763,47.97830115,1061532,Kuwait,1
569,Reykjavík,64.15002362,-21.95001449,140059,Iceland,1241978,207,Kuznetsk,53.12041262,46.59998734,93027,Russia,1
570,Reykjavík,64.15002362,-21.95001449,140059,Iceland,1241978,208,Kwekwe,-18.92960814,29.79997921,80788,Zimbabwe,1
571,Reykjavík,64.15002362,-21.95001449,140059,Iceland,1241978,209,La Plata,-34.90961465,-57.95996118,440388.5,Argentina,1
572,Reykjavík,64.15002362,-21.95001449,140059,Iceland,1241978,210,La Rioja,-29.40995034,-66.84996118,147130,Argentina,1
573,Reykjavík,64.15002362,-21.95001449,140059,Iceland,1241978,211,Riyadh,24.64083315,46.77274166,4335480.5,Saudi Arabia,1
574,Reykjavík,64.15002362,-21.95001449,140059,Iceland,1241978,212,Rzeszow,50.07046958,22.00004187,202034,Poland,1
575,Reykjavík,64.15002362,-21.95001449,140059,Iceland,1241978,213,Siauliai,55.93863853,23.32502559,132057.5,Lithuania,1
576,Reykjavík,64.15002362,-21.95001449,140059,Iceland,1241978,214,Sonsonate,13.7199752,-89.7299858,139724,El Salvador,1
577,Reykjavík,64.15002362,-21.95001449,140059,Iceland,1241978,215,Toronto,43.69997988,-79.42002079,4573710.5,Canada,1
578,Reykjavík,64.15002362,-21.95001449,140059,Iceland,1241978,216,Tripoli,32.89250002,13.18001176,1209199,Libya,1
389,Miami,25.7876107,-80.22410608,2983947,United States of America,1354625,217,Chimoio,-19.12003579,33.47003943,242538.5,Mozambique,1
390,Miami,25.7876107,-80.22410608,2983947,United States of America,1354625,218,Clarksville,36.5300816,-87.35943282,122115,United States of America,1
391,Miami,25.7876107,-80.22410608,2983947,United States of America,1354625,219,Duluth,46.78333173,-92.10637822,82026.5,United States of America,1
392,Miami,25.7876107,-80.22410608,2983947,United States of America,1354625,220,Ipswich,52.07034751,1.169995482,139012,United Kingdom,1
393,Miami,25.7876107,-80.22410608,2983947,United States of America,1354625,221,Iquique,-20.24999266,-70.12996769,223012,Chile,1
394,Miami,25.7876107,-80.22410608,2983947,United States of America,1354625,222,Irkutsk,52.31997052,104.2450476,572325,Russia,1
395,Miami,25.7876107,-80.22410608,2983947,United States of America,1354625,223,Luxembourg,49.61166038,6.130002806,91972,Luxembourg,1
396,Miami,25.7876107,-80.22410608,2983947,United States of America,1354625,224,Lysychansk,48.92041058,38.42735958,118010.5,Ukraine,1
397,Miami,25.7876107,-80.22410608,2983947,United States of America,1354625,225,Macau,22.20299746,113.5450484,568700,Macau S.A.R,1
398,Miami,25.7876107,-80.22410608,2983947,United States of America,1354625,226,Machakos,-1.509534486,37.25998897,88448,Kenya,1
399,Miami,25.7876107,-80.22410608,2983947,United States of America,1354625,227,Macon,32.85038373,-83.63004806,104932.5,United States of America,1
400,Miami,25.7876107,-80.22410608,2983947,United States of America,1354625,228,Maebashi,36.39269981,139.0726892,313791,Japan,1
401,Miami,25.7876107,-80.22410608,2983947,United States of America,1354625,229,Magnitogorsk,53.42269391,58.98000688,308724.5,Russia,1
402,Miami,25.7876107,-80.22410608,2983947,United States of America,1354625,230,Nürnberg,49.44999066,11.0799849,618270.5,Germany,1
403,Miami,25.7876107,-80.22410608,2983947,United States of America,1354625,231,Naga,13.61915448,123.1813594,458283,Philippines,1
404,Miami,25.7876107,-80.22410608,2983947,United States of America,1354625,232,Nagaoka,37.45041302,138.8600406,187560,Japan,1
489,Phnom Penh,11.55003013,104.9166345,1466000,Cambodia,1504012,233,Rio Branco,-9.966589336,-67.80000655,257642,Brazil,1
490,Phnom Penh,11.55003013,104.9166345,1466000,Cambodia,1504012,234,Shenyeng,41.80497927,123.4499735,4149596,China,1
491,Phnom Penh,11.55003013,104.9166345,1466000,Cambodia,1504012,235,Tomakomai,42.6504057,141.5500057,161355.5,Japan,1
492,Phnom Penh,11.55003013,104.9166345,1466000,Cambodia,1504012,236,Santa Cruz,36.97194629,-122.0263904,101530.5,United States of America,1
493,Phnom Penh,11.55003013,104.9166345,1466000,Cambodia,1504012,237,Sucre,-19.04097085,-65.25951563,223287,Bolivia,1
494,Phnom Penh,11.55003013,104.9166345,1466000,Cambodia,1504012,238,Utica,43.10117922,-75.23306706,81870,United States of America,1
495,Phnom Penh,11.55003013,104.9166345,1466000,Cambodia,1504012,239,Nakuru,-0.279997132,36.06998409,312315,Kenya,1
496,Phnom Penh,11.55003013,104.9166345,1466000,Cambodia,1504012,240,Namur,50.47039349,4.870028034,97155.5,Belgium,1
497,Phnom Penh,11.55003013,104.9166345,1466000,Cambodia,1504012,241,Nanjing,32.05001914,118.7799743,3383005,China,1
498,Phnom Penh,11.55003013,104.9166345,1466000,Cambodia,1504012,242,National City,32.67194501,-117.0980052,104291,United States of America,1
499,Phnom Penh,11.55003013,104.9166345,1466000,Cambodia,1504012,243,Nazareth,32.70398439,35.2955094,108129.5,Israel,1
500,Phnom Penh,11.55003013,104.9166345,1466000,Cambodia,1504012,244,New Albany,38.3108773,-85.82128382,78381.5,United States of America,1
501,Phnom Penh,11.55003013,104.9166345,1466000,Cambodia,1504012,245,New London,41.3555235,-72.10002832,61236,United States of America,1
502,Phnom Penh,11.55003013,104.9166345,1466000,Cambodia,1504012,246,New Orleans,29.99500246,-90.03996688,527428.5,United States of America,1
503,Phnom Penh,11.55003013,104.9166345,1466000,Cambodia,1504012,247,Niagara Falls,43.09482302,-79.0369434,117567,United States of America,1
504,Phnom Penh,11.55003013,104.9166345,1466000,Cambodia,1504012,248,Niigata,37.91999676,139.0400297,537534.5,Japan,1
505,Phnom Penh,11.55003013,104.9166345,1466000,Cambodia,1504012,249,Nizhnekamsk,55.64043968,51.82003048,210363,Russia,1
506,Phnom Penh,11.55003013,104.9166345,1466000,Cambodia,1504012,250,Nizhyn,51.0540788,31.89029089,95893.5,Ukraine,1
507,Phnom Penh,11.55003013,104.9166345,1466000,Cambodia,1504012,251,Noginsk,64.48331077,91.23333533,229731,Russia,1
508,Phnom Penh,11.55003013,104.9166345,1466000,Cambodia,1504012,252,Noginsk,55.87042564,38.48001786,172855,Russia,1
509,Phnom Penh,11.55003013,104.9166345,1466000,Cambodia,1504012,253,Norman,35.22791302,-97.34414636,113525,United States of America,1
510,Phnom Penh,11.55003013,104.9166345,1466000,Cambodia,1504012,254,Norrköping,58.59542727,16.17869177,85771,Sweden,1
511,Phnom Penh,11.55003013,104.9166345,1466000,Cambodia,1504012,255,Norwich,52.63036501,1.300013386,184196,United Kingdom,1
512,Phnom Penh,11.55003013,104.9166345,1466000,Cambodia,1504012,256,Nova Lima,-19.98003497,-43.8500214,60413.5,Brazil,1
513,Phnom Penh,11.55003013,104.9166345,1466000,Cambodia,1504012,257,Novo Hamburgo,-29.70962197,-51.13998987,557017,Brazil,1
514,Phnom Penh,11.55003013,104.9166345,1466000,Cambodia,1504012,258,Santa Cruz do Sul,-29.71003538,-52.44003972,109869,Brazil,1
515,Phnom Penh,11.55003013,104.9166345,1466000,Cambodia,1504012,259,Sunderland,54.92001853,-1.380029746,315449.5,United Kingdom,1
35,Barcelona,41.38329958,2.183370319,3250797.5,Spain,2988556,260,Monrovia,6.31055666,-10.80475163,913331,Liberia,1
36,Barcelona,41.38329958,2.183370319,3250797.5,Spain,2988556,261,Monterey,36.6002582,-121.8935781,77297.5,United States of America,1
37,Barcelona,41.38329958,2.183370319,3250797.5,Spain,2988556,262,Montevideo,-34.85804157,-56.17105229,759162,Uruguay,1
38,Barcelona,41.38329958,2.183370319,3250797.5,Spain,2988556,263,Montréal,45.49999921,-73.58329696,3017278,Canada,1
39,Barcelona,41.38329958,2.183370319,3250797.5,Spain,2988556,264,Monywa,22.1049931,95.14999548,204116.5,Myanmar,1
40,Barcelona,41.38329958,2.183370319,3250797.5,Spain,2988556,265,Morioka,39.72001609,141.1300313,294782.5,Japan,1
41,Barcelona,41.38329958,2.183370319,3250797.5,Spain,2988556,266,Mtwara,-10.26961994,40.18999101,91674,Tanzania,1
42,Barcelona,41.38329958,2.183370319,3250797.5,Spain,2988556,267,Mudangiang,44.57501691,129.5900122,954957.5,China,1
43,Barcelona,41.38329958,2.183370319,3250797.5,Spain,2988556,268,Multan,30.19997703,71.45500769,1479615,Pakistan,1
44,Barcelona,41.38329958,2.183370319,3250797.5,Spain,2988556,269,Murfreesboro,35.84596315,-86.39026717,100237,United States of America,1
45,Barcelona,41.38329958,2.183370319,3250797.5,Spain,2988556,270,Curepipe,-20.31619017,57.51663367,192087.5,Mauritius,1
46,Barcelona,41.38329958,2.183370319,3250797.5,Spain,2988556,271,Brest,48.39044293,-4.49500757,142914,France,1
47,Barcelona,41.38329958,2.183370319,3250797.5,Spain,2988556,272,Sakarya,40.76666114,30.40000251,286787,Turkey,1
48,Barcelona,41.38329958,2.183370319,3250797.5,Spain,2988556,273,Spartanburg,34.94942873,-81.93227055,81059,United States of America,1
49,Barcelona,41.38329958,2.183370319,3250797.5,Spain,2988556,274,Tucumán,-26.81600014,-65.21662419,678803.5,Argentina,1
50,Barcelona,41.38329958,2.183370319,3250797.5,Spain,2988556,275,Salavat,53.37034568,55.92996049,111648,Russia,1
51,Barcelona,41.38329958,2.183370319,3250797.5,Spain,2988556,276,Springfield,39.82000999,-89.65001652,125345,United States of America,1
52,Barcelona,41.38329958,2.183370319,3250797.5,Spain,2988556,277,Tuscaloosa,33.22511538,-87.54417607,100594.5,United States of America,1
53,Barcelona,41.38329958,2.183370319,3250797.5,Spain,2988556,278,Capenda-Camulemba,-9.4195943,18.43002722,79842.5,Angola,1
54,Barcelona,41.38329958,2.183370319,3250797.5,Spain,2988556,279,Rochester,43.17042564,-77.61994979,483177,United States of America,1
55,Barcelona,41.38329958,2.183370319,3250797.5,Spain,2988556,280,Sittwe,20.13999676,92.88000484,178387.5,Myanmar,1
56,Barcelona,41.38329958,2.183370319,3250797.5,Spain,2988556,281,Tottori,35.50037701,134.2332946,142635.5,Japan,1
57,Barcelona,41.38329958,2.183370319,3250797.5,Spain,2988556,282,Cotonou,6.400008564,2.519990599,726292,Benin,1
58,Barcelona,41.38329958,2.183370319,3250797.5,Spain,2988556,283,Council Bluffs,41.26227338,-95.86080021,80284.5,United States of America,1
59,Barcelona,41.38329958,2.183370319,3250797.5,Spain,2988556,284,Coventry,52.42040367,-1.499996583,348292,United Kingdom,1
60,Barcelona,41.38329958,2.183370319,3250797.5,Spain,2988556,285,Geelong,-38.16749505,144.3956335,149336,Australia,1
61,Barcelona,41.38329958,2.183370319,3250797.5,Spain,2988556,286,Gent,51.02999758,3.700021931,337914.5,Belgium,1
62,Barcelona,41.38329958,2.183370319,3250797.5,Spain,2988556,287,George,-33.95003497,22.45004024,143915,South Africa,1
63,Barcelona,41.38329958,2.183370319,3250797.5,Spain,2988556,288,Kara Balta,42.83062726,73.88566036,68464.5,Kyrgyzstan,1
64,Barcelona,41.38329958,2.183370319,3250797.5,Spain,2988556,289,Karakol,42.49204327,78.38182003,63411.5,Kyrgyzstan,1
65,Barcelona,41.38329958,2.183370319,3250797.5,Spain,2988556,290,Karlstad,59.36713727,13.49994055,66703.5,Sweden,1
66,Barcelona,41.38329958,2.183370319,3250797.5,Spain,2988556,291,Kasama,-10.19959837,31.17994665,156500,Zambia,1
67,Barcelona,41.38329958,2.183370319,3250797.5,Spain,2988556,292,Katowice,50.26038047,19.02001705,1527362,Poland,1
68,Barcelona,41.38329958,2.183370319,3250797.5,Spain,2988556,293,Kaunas,54.95040428,23.88003048,363844.5,Lithuania,1
69,Barcelona,41.38329958,2.183370319,3250797.5,Spain,2988556,294,Kayes,14.44998232,-11.44001001,77207,Mali,1
70,Barcelona,41.38329958,2.183370319,3250797.5,Spain,2988556,295,Kayseri,38.73495994,35.49001949,562215.5,Turkey,1
71,Barcelona,41.38329958,2.183370319,3250797.5,Spain,2988556,296,Kecskemet,46.90004295,19.70002722,111871,Hungary,1
72,Barcelona,41.38329958,2.183370319,3250797.5,Spain,2988556,297,Kelang,3.020369892,101.5500183,917933.5,Malaysia,1
73,Barcelona,41.38329958,2.183370319,3250797.5,Spain,2988556,298,Kelowna,49.89998903,-119.4833118,110207.5,Canada,1
74,Barcelona,41.38329958,2.183370319,3250797.5,Spain,2988556,299,Kendu Bay,-0.359578838,34.63999385,91248,Kenya,1
75,Barcelona,41.38329958,2.183370319,3250797.5,Spain,2988556,300,Kericho,-0.359578838,35.28000647,67300,Kenya,1
76,Barcelona,41.38329958,2.183370319,3250797.5,Spain,2988556,301,Kharkiv,49.99998293,36.25002478,1338063.5,Ukraine,1
77,Barcelona,41.38329958,2.183370319,3250797.5,Spain,2988556,302,Khaskovo,41.94378216,25.5632869,72805,Bulgaria,1
78,Barcelona,41.38329958,2.183370319,3250797.5,Spain,2988556,303,Kiev,50.43336733,30.51662797,2185754,Ukraine,1
79,Barcelona,41.38329958,2.183370319,3250797.5,Spain,2988556,304,Otaru,43.18871909,140.9783093,139260.5,Japan,1
80,Barcelona,41.38329958,2.183370319,3250797.5,Spain,2988556,305,Pasay City,14.5504413,120.9999939,403064,Philippines,1
81,Barcelona,41.38329958,2.183370319,3250797.5,Spain,2988556,306,Corrientes,-27.48996417,-58.80998682,339945,Argentina,1
82,Barcelona,41.38329958,2.183370319,3250797.5,Spain,2988556,307,Corumba,-19.01601113,-57.65000594,70035.5,Brazil,1
83,Barcelona,41.38329958,2.183370319,3250797.5,Spain,2988556,308,Eindhoven,51.42997316,5.50001542,303836.5,Netherlands,1
84,Barcelona,41.38329958,2.183370319,3250797.5,Spain,2988556,309,El Jadida,33.2603587,-8.509982138,164009.5,Morocco,1
85,Barcelona,41.38329958,2.183370319,3250797.5,Spain,2988556,310,Santa Maria,-29.68331867,-53.80000838,239211.5,Brazil,1
86,Barcelona,41.38329958,2.183370319,3250797.5,Spain,2988556,311,Syzran,53.16999615,48.47997595,171589,Russia,1
87,Barcelona,41.38329958,2.183370319,3250797.5,Spain,2988556,312,Valdivia,-39.7950012,-73.24502303,146509,Chile,1
88,Barcelona,41.38329958,2.183370319,3250797.5,Spain,2988556,313,San Francisco,37.74000775,-122.4599777,2091036,United States of America,1
89,Barcelona,41.38329958,2.183370319,3250797.5,Spain,2988556,314,Stavanger,58.97000389,5.680004434,136999,Norway,1
90,Barcelona,41.38329958,2.183370319,3250797.5,Spain,2988556,315,Upington,-28.46003416,21.23001135,62086,South Africa,1
91,Barcelona,41.38329958,2.183370319,3250797.5,Spain,2988556,316,Rybinsk,58.05034426,38.81999711,203874.5,Russia,1
92,Barcelona,41.38329958,2.183370319,3250797.5,Spain,2988556,317,Songea,-10.68003416,35.65000972,120923,Tanzania,1
93,Barcelona,41.38329958,2.183370319,3250797.5,Spain,2988556,318,Trablous,34.42000368,35.8699963,361286,Lebanon,1
94,Barcelona,41.38329958,2.183370319,3250797.5,Spain,2988556,319,Coquimbo,-29.95291461,-71.34361454,159082.5,Chile,1
95,Barcelona,41.38329958,2.183370319,3250797.5,Spain,2988556,320,Santiago de Compostela,42.88289797,-8.541091351,87721,Spain,1
96,Barcelona,41.38329958,2.183370319,3250797.5,Spain,2988556,321,Szczecin,53.42039431,14.53000688,390241.5,Poland,1
97,Barcelona,41.38329958,2.183370319,3250797.5,Spain,2988556,322,Vallejo,38.11194887,-122.258052,133367.5,United States of America,1
98,Barcelona,41.38329958,2.183370319,3250797.5,Spain,2988556,323,Edinburg,26.30318646,-98.1599622,114573.5,United States of America,1
99,Barcelona,41.38329958,2.183370319,3250797.5,Spain,2988556,324,Muroran,42.34995892,140.9800146,125936.5,Japan,1
100,Barcelona,41.38329958,2.183370319,3250797.5,Spain,2988556,325,Mutare,-18.97001911,32.6500378,216785,Zimbabwe,1
101,Barcelona,41.38329958,2.183370319,3250797.5,Spain,2988556,326,Myeik,12.45408347,98.61148962,220009,Myanmar,1
102,Barcelona,41.38329958,2.183370319,3250797.5,Spain,2988556,327,Santo Angelo,-28.30004393,-54.28003076,65013,Brazil,1
1,Alexandria,31.20001935,29.94999589,3988258,Egypt,3502678,328,Otsu,35.006402,135.8674068,437802.5,Japan,1
2,Alexandria,31.20001935,29.94999589,3988258,Egypt,3502678,329,Ouagadougou,12.37031598,-1.524723756,992228.5,Burkina Faso,1
3,Alexandria,31.20001935,29.94999589,3988258,Egypt,3502678,330,Oulu,64.99999758,25.47001094,132685,Finland,1
4,Alexandria,31.20001935,29.94999589,3988258,Egypt,3502678,331,Ovalle,-30.59003335,-71.20005742,72984,Chile,1
5,Alexandria,31.20001935,29.94999589,3988258,Egypt,3502678,332,Pakxe,15.12206016,105.8183365,95553.5,Laos,1
6,Alexandria,31.20001935,29.94999589,3988258,Egypt,3502678,333,Palmerston North,-40.35269326,175.6072033,66551.5,New Zealand,1
7,Alexandria,31.20001935,29.94999589,3988258,Egypt,3502678,334,Passos,-20.71001626,-46.60998214,85136.5,Brazil,1
8,Alexandria,31.20001935,29.94999589,3988258,Egypt,3502678,335,Paulo Afonso,-9.330659161,-38.26565943,85350,Brazil,1
9,Alexandria,31.20001935,29.94999589,3988258,Egypt,3502678,336,Pec,42.66032757,20.3107393,93481.5,Kosovo,1
10,Alexandria,31.20001935,29.94999589,3988258,Egypt,3502678,337,Penza,53.18002138,44.99998165,491943,Russia,1
11,Alexandria,31.20001935,29.94999589,3988258,Egypt,3502678,338,Pereira,4.81038983,-75.67999068,504434,Colombia,1
12,Alexandria,31.20001935,29.94999589,3988258,Egypt,3502678,339,Peterborough,52.58041974,-0.249995363,140141,United Kingdom,1
13,Alexandria,31.20001935,29.94999589,3988258,Egypt,3502678,340,Scarborough,54.28039349,-0.429984376,70571,United Kingdom,1
14,Alexandria,31.20001935,29.94999589,3988258,Egypt,3502678,341,Temirtau,50.06501772,72.96499304,167193.5,Kazakhstan,1
15,Alexandria,31.20001935,29.94999589,3988258,Egypt,3502678,342,Vitória,-20.32399331,-40.36599634,1008328,Brazil,1
16,Alexandria,31.20001935,29.94999589,3988258,Egypt,3502678,343,Cartagena,10.39973859,-75.51439356,887000,Colombia,1
17,Alexandria,31.20001935,29.94999589,3988258,Egypt,3502678,344,Schenectady,42.81458173,-73.93996769,104767.5,United States of America,1
18,Alexandria,31.20001935,29.94999589,3988258,Egypt,3502678,345,Temuco,-38.73000161,-72.57999903,252015,Chile,1
19,Alexandria,31.20001935,29.94999589,3988258,Egypt,3502678,346,Volsk,52.03471661,47.37430701,62027,Russia,1
20,Alexandria,31.20001935,29.94999589,3988258,Egypt,3502678,347,Badajoz,38.8804291,-6.96997278,115638.5,Spain,1
21,Alexandria,31.20001935,29.94999589,3988258,Egypt,3502678,348,Richmond,37.55001935,-77.449986,551443,United States of America,1
22,Alexandria,31.20001935,29.94999589,3988258,Egypt,3502678,349,Savannakhet,16.53758099,104.772974,75725.5,Laos,1
23,Alexandria,31.20001935,29.94999589,3988258,Egypt,3502678,350,Shangqiu,34.45041526,115.6500362,967109,China,1
24,Alexandria,31.20001935,29.94999589,3988258,Egypt,3502678,351,Taza,34.22037762,-4.019971966,170761.5,Morocco,1
25,Alexandria,31.20001935,29.94999589,3988258,Egypt,3502678,352,Tokushima,34.06738955,134.5525,355552.5,Japan,1
26,Alexandria,31.20001935,29.94999589,3988258,Egypt,3502678,353,Visalia,36.32502952,-119.3160094,114699.5,United States of America,1
27,Alexandria,31.20001935,29.94999589,3988258,Egypt,3502678,354,Daqing,46.57995913,125.0000081,948244,China,1
28,Alexandria,31.20001935,29.94999589,3988258,Egypt,3502678,355,Darwin,-12.42535398,130.8500386,82973,Australia,1
29,Alexandria,31.20001935,29.94999589,3988258,Egypt,3502678,356,Dayton,39.750376,-84.19998743,466067,United States of America,1
30,Alexandria,31.20001935,29.94999589,3988258,Egypt,3502678,357,Ordu,41.00042889,37.8699259,135952.5,Turkey,1
31,Alexandria,31.20001935,29.94999589,3988258,Egypt,3502678,358,Orsk,51.21001243,58.62731523,159353,Russia,1
32,Alexandria,31.20001935,29.94999589,3988258,Egypt,3502678,359,Osh,40.54040529,72.79001664,295638.5,Kyrgyzstan,1
33,Alexandria,31.20001935,29.94999589,3988258,Egypt,3502678,360,Oskemen,49.99003522,82.61494665,284350.5,Kazakhstan,1
34,Alexandria,31.20001935,29.94999589,3988258,Egypt,3502678,361,Osnabrück,52.28043805,8.049988972,198865,Germany,1
128,Chicago,41.82999066,-87.75005497,5915976,United States of America,3954100,362,Groningen,53.22040651,6.580001179,198941,Netherlands,1
129,Chicago,41.82999066,-87.75005497,5915976,United States of America,3954100,363,Groznyy,43.31868532,45.69869869,221237.5,Russia,1
130,Chicago,41.82999066,-87.75005497,5915976,United States of America,3954100,364,Grudziadz,53.48039064,18.75000769,100964.5,Poland,1
131,Chicago,41.82999066,-87.75005497,5915976,United States of America,3954100,365,Guangzhou,23.1449813,113.3250101,5990912.5,China,1
132,Chicago,41.82999066,-87.75005497,5915976,United States of America,3954100,366,Gujranwala,32.16042584,74.18502193,1448735.5,Pakistan,1
133,Chicago,41.82999066,-87.75005497,5915976,United States of America,3954100,367,Gweru,-19.45004148,29.82002966,164715.5,Zimbabwe,1
134,Chicago,41.82999066,-87.75005497,5915976,United States of America,3954100,368,Gyor,47.70035585,17.63002437,132173,Hungary,1
135,Chicago,41.82999066,-87.75005497,5915976,United States of America,3954100,369,Sarqan,45.42033999,79.91490474,61329,Kazakhstan,1
136,Chicago,41.82999066,-87.75005497,5915976,United States of America,3954100,370,Tarragona,41.12036989,1.249990599,107957.5,Spain,1
137,Chicago,41.82999066,-87.75005497,5915976,United States of America,3954100,371,Vientiane,17.96669273,102.59998,662174,Laos,1
138,Chicago,41.82999066,-87.75005497,5915976,United States of America,3954100,372,Besancon,47.22999697,6.03000891,124193,France,1
139,Chicago,41.82999066,-87.75005497,5915976,United States of America,3954100,373,Bethlehem,-28.21958372,28.29996741,66373,South Africa,1
140,Chicago,41.82999066,-87.75005497,5915976,United States of America,3954100,374,Beziers,43.35049217,3.209974323,77759.5,France,1
141,Chicago,41.82999066,-87.75005497,5915976,United States of America,3954100,375,Bialystok,53.15035911,23.1699963,288722.5,Poland,1
142,Chicago,41.82999066,-87.75005497,5915976,United States of America,3954100,376,Biarritz,43.47327537,-1.561594891,89268,France,1
143,Chicago,41.82999066,-87.75005497,5915976,United States of America,3954100,377,Billings,45.78830202,-108.5400004,102151.5,United States of America,1
144,Chicago,41.82999066,-87.75005497,5915976,United States of America,3954100,378,Bishkek,42.87307945,74.58520422,820606,Kyrgyzstan,1
145,Chicago,41.82999066,-87.75005497,5915976,United States of America,3954100,379,Bitola,41.03905703,21.33951371,75551,Macedonia,1
146,Chicago,41.82999066,-87.75005497,5915976,United States of America,3954100,380,Biysk,52.53406598,85.18000972,209796.5,Russia,1
147,Chicago,41.82999066,-87.75005497,5915976,United States of America,3954100,381,Bloemfontein,-29.11999388,26.22991288,459866.5,South Africa,1
148,Chicago,41.82999066,-87.75005497,5915976,United States of America,3954100,382,Bloomington,40.48459475,-88.99359664,99842.5,United States of America,1
149,Chicago,41.82999066,-87.75005497,5915976,United States of America,3954100,383,Blumenau,-26.9200248,-49.0899858,286326,Brazil,1
150,Chicago,41.82999066,-87.75005497,5915976,United States of America,3954100,384,Bobo Dioulasso,11.1799752,-4.289981325,346035,Burkina Faso,1
151,Chicago,41.82999066,-87.75005497,5915976,United States of America,3954100,385,Bonao,18.94200314,-70.40899757,73269,Dominican Republic,1
152,Chicago,41.82999066,-87.75005497,5915976,United States of America,3954100,386,Borås,57.7304413,12.91997595,64115.5,Sweden,1
153,Chicago,41.82999066,-87.75005497,5915976,United States of America,3954100,387,Bowling Green,36.99069948,-86.44364893,61349,United States of America,1
154,Chicago,41.82999066,-87.75005497,5915976,United States of America,3954100,388,Bremerhaven,53.55043805,8.579982461,127598.5,Germany,1
155,Chicago,41.82999066,-87.75005497,5915976,United States of America,3954100,389,Bridgeport,41.17997866,-73.19996118,578545,United States of America,1
156,Chicago,41.82999066,-87.75005497,5915976,United States of America,3954100,390,Brighton,50.83034568,-0.169974407,321004.5,United Kingdom,1
157,Chicago,41.82999066,-87.75005497,5915976,United States of America,3954100,391,Brikama,13.28036379,-16.65994979,136418,The Gambia,1
158,Chicago,41.82999066,-87.75005497,5915976,United States of America,3954100,392,Brisbane,-27.45503091,153.0350927,1393176.5,Australia,1
159,Chicago,41.82999066,-87.75005497,5915976,United States of America,3954100,393,Bristol,51.44999778,-2.583315472,492120.5,United Kingdom,1
160,Chicago,41.82999066,-87.75005497,5915976,United States of America,3954100,394,Brownsville,25.91997988,-97.50000248,174707,United States of America,1
161,Chicago,41.82999066,-87.75005497,5915976,United States of America,3954100,395,Brugge,51.22037355,3.230024779,131589,Belgium,1
162,Chicago,41.82999066,-87.75005497,5915976,United States of America,3954100,396,Brusque,-27.12998615,-48.9300214,81163.5,Brazil,1
163,Chicago,41.82999066,-87.75005497,5915976,United States of America,3954100,397,Bryan,30.67418581,-96.36968388,108156.5,United States of America,1
164,Chicago,41.82999066,-87.75005497,5915976,United States of America,3954100,398,Bryansk,53.25999066,34.42998083,426510,Russia,1
165,Chicago,41.82999066,-87.75005497,5915976,United States of America,3954100,399,Bucharest,44.4333718,26.09994665,1842097,Romania,1
166,Chicago,41.82999066,-87.75005497,5915976,United States of America,3954100,400,Bulawayo,-20.16999754,28.58000199,697096,Zimbabwe,1
167,Chicago,41.82999066,-87.75005497,5915976,United States of America,3954100,401,Burgos,42.35039817,-3.67996688,150251,Spain,1
168,Chicago,41.82999066,-87.75005497,5915976,United States of America,3954100,402,Byumba,-1.579556052,30.06001501,70593,Rwanda,1
169,Chicago,41.82999066,-87.75005497,5915976,United States of America,3954100,403,Cachoeira do Sul,-30.02996417,-52.90998519,61871,Brazil,1
170,Chicago,41.82999066,-87.75005497,5915976,United States of America,3954100,404,Cachoeiro de Itapemirim,-20.85000771,-41.12998071,174808.5,Brazil,1
171,Chicago,41.82999066,-87.75005497,5915976,United States of America,3954100,405,Cadiz,36.53499086,-6.225005332,153932.5,Spain,1
172,Chicago,41.82999066,-87.75005497,5915976,United States of America,3954100,406,Calgary,51.08299176,-114.0799982,1012661,Canada,1
173,Chicago,41.82999066,-87.75005497,5915976,United States of America,3954100,407,Cambridge,52.20039125,0.116623086,128488,United Kingdom,1
174,Chicago,41.82999066,-87.75005497,5915976,United States of America,3954100,408,Campana,-34.15999632,-58.95997766,77149.5,Argentina,1
175,Chicago,41.82999066,-87.75005497,5915976,United States of America,3954100,409,Campo Grande,-20.45003213,-54.61662521,687723,Brazil,1
176,Chicago,41.82999066,-87.75005497,5915976,United States of America,3954100,410,Canoas,-29.91999673,-51.17998743,466661,Brazil,1
177,Chicago,41.82999066,-87.75005497,5915976,United States of America,3954100,411,Cape Coral,26.60290977,-81.97968368,117387.5,United States of America,1
178,Chicago,41.82999066,-87.75005497,5915976,United States of America,3954100,412,Cape Town,-33.92001097,18.43498816,2823929,South Africa,1
179,Chicago,41.82999066,-87.75005497,5915976,United States of America,3954100,413,Cartagena,37.60042971,-0.980028322,166276.5,Spain,1
180,Chicago,41.82999066,-87.75005497,5915976,United States of America,3954100,414,Castello,39.97041424,-0.05000757,176360,Spain,1
181,Chicago,41.82999066,-87.75005497,5915976,United States of America,3954100,415,Catamarca,-28.47000771,-65.78000065,162586,Argentina,1
182,Chicago,41.82999066,-87.75005497,5915976,United States of America,3954100,416,Catania,37.49997072,15.07999914,482908,Italy,1
300,London,51.49999473,-0.116721844,7994104.5,United Kingdom,4021347,417,Reno,39.52997601,-119.8200096,265363.5,United States of America,1
301,London,51.49999473,-0.116721844,7994104.5,United Kingdom,4021347,418,Scranton,41.40929283,-75.66267908,114701,United States of America,1
302,London,51.49999473,-0.116721844,7994104.5,United Kingdom,4021347,419,Shakhty,47.72038047,40.2700378,206203.5,Russia,1
303,London,51.49999473,-0.116721844,7994104.5,United Kingdom,4021347,420,The Hague,52.08003684,4.269961302,953862.5,Netherlands,1
304,London,51.49999473,-0.116721844,7994104.5,United Kingdom,4021347,421,Tokmak,42.82987795,75.28459306,87953.5,Kyrgyzstan,1
305,London,51.49999473,-0.116721844,7994104.5,United Kingdom,4021347,422,Vryheid,-27.76002521,30.7899963,108364.5,South Africa,1
306,London,51.49999473,-0.116721844,7994104.5,United Kingdom,4021347,423,Waterbury,41.55000775,-73.05002202,174236,United States of America,1
307,London,51.49999473,-0.116721844,7994104.5,United Kingdom,4021347,424,Weifang,36.7204059,119.1001098,973866,China,1
308,London,51.49999473,-0.116721844,7994104.5,United Kingdom,4021347,425,Welkom,-27.96998655,26.72998572,279011.5,South Africa,1
309,London,51.49999473,-0.116721844,7994104.5,United Kingdom,4021347,426,Wiesbaden,50.08039146,8.250028441,444779,Germany,1
310,London,51.49999473,-0.116721844,7994104.5,United Kingdom,4021347,427,Wilmington,34.22551943,-77.94502039,126992,United States of America,1
311,London,51.49999473,-0.116721844,7994104.5,United Kingdom,4021347,428,Winnipeg,49.88298749,-97.16599186,603688,Canada,1
312,London,51.49999473,-0.116721844,7994104.5,United Kingdom,4021347,429,Wollongong,-34.41538125,150.890004,201319.5,Australia,1
313,London,51.49999473,-0.116721844,7994104.5,United Kingdom,4021347,430,Xapeco,-27.10001382,-52.64002751,154794,Brazil,1
314,London,51.49999473,-0.116721844,7994104.5,United Kingdom,4021347,431,Xian,34.27502545,108.8949963,3617406,China,1
315,London,51.49999473,-0.116721844,7994104.5,United Kingdom,4021347,432,Xinyi,34.38000612,118.3500264,962656,China,1
316,London,51.49999473,-0.116721844,7994104.5,United Kingdom,4021347,433,Yakutsk,62.03495892,129.7350162,220813,Russia,1
317,London,51.49999473,-0.116721844,7994104.5,United Kingdom,4021347,434,Yevpatoriya,45.19689109,33.36306921,90588,Ukraine,1
318,London,51.49999473,-0.116721844,7994104.5,United Kingdom,4021347,435,Yichun,27.8333333,114.4,982000,China,1
319,London,51.49999473,-0.116721844,7994104.5,United Kingdom,4021347,436,York,53.97038658,-1.080022218,151574.5,United Kingdom,1
320,London,51.49999473,-0.116721844,7994104.5,United Kingdom,4021347,437,Youngstown,41.09969932,-80.64973902,194765,United States of America,1
321,London,51.49999473,-0.116721844,7994104.5,United Kingdom,4021347,438,Yuzhno Sakhalinsk,46.96497438,142.7400105,174685,Russia,1
322,London,51.49999473,-0.116721844,7994104.5,United Kingdom,4021347,439,Zarate,-34.08956134,-59.04002446,86192,Argentina,1
323,London,51.49999473,-0.116721844,7994104.5,United Kingdom,4021347,440,Zheleznogorsk,52.3547746,35.40439164,94212,Russia,1
324,London,51.49999473,-0.116721844,7994104.5,United Kingdom,4021347,441,Zhezqazghan,47.77998924,67.77001298,104357,Kazakhstan,1
325,London,51.49999473,-0.116721844,7994104.5,United Kingdom,4021347,442,Zhytomyr,50.24557517,28.66216752,278581,Ukraine,1
326,London,51.49999473,-0.116721844,7994104.5,United Kingdom,4021347,443,Zlatoust,55.17499005,59.64999182,176285,Russia,1
327,London,51.49999473,-0.116721844,7994104.5,United Kingdom,4021347,444,Zlin,49.2304175,17.65002315,101893.5,Czech Republic,1
328,London,51.49999473,-0.116721844,7994104.5,United Kingdom,4021347,445,Balqash,46.8532241,74.95024654,80586,Kazakhstan,1
329,London,51.49999473,-0.116721844,7994104.5,United Kingdom,4021347,446,Banja Luka,44.78040489,17.17997432,221422,Bosnia and Herzegovina,1
330,London,51.49999473,-0.116721844,7994104.5,United Kingdom,4021347,447,Barahona,18.20037355,-71.099986,83644,Dominican Republic,1
331,London,51.49999473,-0.116721844,7994104.5,United Kingdom,4021347,448,Barranquilla,10.95998863,-74.79996688,1521245.5,Colombia,1
332,London,51.49999473,-0.116721844,7994104.5,United Kingdom,4021347,449,Barretos,-20.55002602,-48.58001693,97562,Brazil,1
333,London,51.49999473,-0.116721844,7994104.5,United Kingdom,4021347,450,Bata,1.870000833,9.769987344,135943.5,Equatorial Guinea,1
334,London,51.49999473,-0.116721844,7994104.5,United Kingdom,4021347,451,Bath,51.3837486,-2.350022218,92679,United Kingdom,1
335,London,51.49999473,-0.116721844,7994104.5,United Kingdom,4021347,452,Batman,37.89041201,41.14001054,276337.5,Turkey,1
336,London,51.49999473,-0.116721844,7994104.5,United Kingdom,4021347,453,Beaumont,30.08626304,-94.10168278,107455.5,United States of America,1
337,London,51.49999473,-0.116721844,7994104.5,United Kingdom,4021347,454,Beer Sheva,31.2500163,34.8300081,196504,Israel,1
338,London,51.49999473,-0.116721844,7994104.5,United Kingdom,4021347,455,Beijing,39.92889223,116.3882857,9293300.5,China,1
339,London,51.49999473,-0.116721844,7994104.5,United Kingdom,4021347,456,Belfast,54.60001223,-5.960034425,362588,United Kingdom,1
340,London,51.49999473,-0.116721844,7994104.5,United Kingdom,4021347,457,Belo Horizonte,-19.91502602,-43.91500452,3974112,Brazil,1
341,London,51.49999473,-0.116721844,7994104.5,United Kingdom,4021347,458,Bento Goncalves,-29.1694999,-51.51996668,92561.5,Brazil,1
342,London,51.49999473,-0.116721844,7994104.5,United Kingdom,4021347,459,Berkeley,37.87390139,-122.271152,298257,United States of America,1
343,London,51.49999473,-0.116721844,7994104.5,United Kingdom,4021347,460,Independence,39.09111391,-94.41528121,130695,United States of America,1
344,London,51.49999473,-0.116721844,7994104.5,United Kingdom,4021347,461,Ingolstadt,48.77041974,11.44998816,141991.5,Germany,1
345,London,51.49999473,-0.116721844,7994104.5,United Kingdom,4021347,462,Potosi,-19.56956907,-65.75002832,160576,Bolivia,1
346,London,51.49999473,-0.116721844,7994104.5,United Kingdom,4021347,463,Potsdam,52.40040489,13.06999263,181693.5,Germany,1
347,London,51.49999473,-0.116721844,7994104.5,United Kingdom,4021347,464,Poughkeepsie,41.70023114,-73.92141585,100670.5,United States of America,1
348,London,51.49999473,-0.116721844,7994104.5,United Kingdom,4021347,465,Prague,50.08333701,14.46597978,582043.5,Czech Republic,1
349,London,51.49999473,-0.116721844,7994104.5,United Kingdom,4021347,466,Prey Veng,11.48399998,105.3240036,74000,Cambodia,1
350,London,51.49999473,-0.116721844,7994104.5,United Kingdom,4021347,467,Pristina,42.66670961,21.16598425,331700,Kosovo,1
351,London,51.49999473,-0.116721844,7994104.5,United Kingdom,4021347,468,Provo,40.24889854,-111.63777,231238,United States of America,1
352,London,51.49999473,-0.116721844,7994104.5,United Kingdom,4021347,469,Pskov,57.82999595,28.32993974,189979.5,Russia,1
353,London,51.49999473,-0.116721844,7994104.5,United Kingdom,4021347,470,Puerto Plata,19.7902171,-70.69024747,119897,Dominican Republic,1
354,London,51.49999473,-0.116721844,7994104.5,United Kingdom,4021347,471,Punta del Este,-34.96997272,-54.94998987,84140,Uruguay,1
355,London,51.49999473,-0.116721844,7994104.5,United Kingdom,4021347,472,Québec,46.83996909,-71.24561019,576386,Canada,1
356,London,51.49999473,-0.116721844,7994104.5,United Kingdom,4021347,473,Qyzylorda,44.80001609,65.46498572,213259.5,Kazakhstan,1
357,London,51.49999473,-0.116721844,7994104.5,United Kingdom,4021347,474,Racine,42.72771364,-87.81183415,105458.5,United States of America,1
358,London,51.49999473,-0.116721844,7994104.5,United Kingdom,4021347,475,Ragusa,36.93003135,14.72999467,67361,Italy,1
359,London,51.49999473,-0.116721844,7994104.5,United Kingdom,4021347,476,Ramla,31.91670012,34.86670252,63860,Israel,1
360,London,51.49999473,-0.116721844,7994104.5,United Kingdom,4021347,477,Rancagua,-34.17002155,-70.73998214,222981.5,Chile,1
361,London,51.49999473,-0.116721844,7994104.5,United Kingdom,4021347,478,Rawalpindi,33.59997622,73.04002722,1800550.5,Pakistan,1
362,London,51.49999473,-0.116721844,7994104.5,United Kingdom,4021347,479,Reconquista,-29.13952757,-59.65001306,86640.5,Argentina,1
363,London,51.49999473,-0.116721844,7994104.5,United Kingdom,4021347,480,Red Deer,52.26664044,-113.8000411,74225,Canada,1
364,London,51.49999473,-0.116721844,7994104.5,United Kingdom,4021347,481,Regensburg,49.02040448,12.12002478,146755,Germany,1
365,London,51.49999473,-0.116721844,7994104.5,United Kingdom,4021347,482,Saidu,34.75003522,72.34999182,1860310,Pakistan,1
366,London,51.49999473,-0.116721844,7994104.5,United Kingdom,4021347,483,Saint-Etienne,45.43039105,4.380032103,220982,France,1
367,London,51.49999473,-0.116721844,7994104.5,United Kingdom,4021347,484,Settat,33.01042564,-7.620010622,140415,Morocco,1
368,London,51.49999473,-0.116721844,7994104.5,United Kingdom,4021347,485,South Bend,41.68330711,-86.25001734,171791,United States of America,1
369,London,51.49999473,-0.116721844,7994104.5,United Kingdom,4021347,486,Southampton,50.90003135,-1.399976849,384417,United Kingdom,1
370,London,51.49999473,-0.116721844,7994104.5,United Kingdom,4021347,487,Tiraspol,46.85309491,29.63998897,137097,Moldova,1
371,London,51.49999473,-0.116721844,7994104.5,United Kingdom,4021347,488,Tsuruoka,38.70041424,139.830214,88052.5,Japan,1
372,London,51.49999473,-0.116721844,7994104.5,United Kingdom,4021347,489,Tubarao,-28.48003294,-49.02001591,79760,Brazil,1
642,Tokyo,35.68501691,139.7514074,22006299.5,Japan,4512331,490,Saskatoon,52.17003135,-106.6699854,194075.5,Canada,1
643,Tokyo,35.68501691,139.7514074,22006299.5,Japan,4512331,491,Sete Lagoas,-19.44962807,-44.24999699,195032,Brazil,1
644,Tokyo,35.68501691,139.7514074,22006299.5,Japan,4512331,492,Tauranga,-37.69642129,176.1536299,84730,New Zealand,1
645,Tokyo,35.68501691,139.7514074,22006299.5,Japan,4512331,493,Timbuktu,16.7665851,-3.016596518,68872,Mali,1
646,Tokyo,35.68501691,139.7514074,22006299.5,Japan,4512331,494,Vilnius,54.68336631,25.31663529,524697.5,Lithuania,1
647,Tokyo,35.68501691,139.7514074,22006299.5,Japan,4512331,495,"Washington, D.C.",38.89954938,-77.00941858,2445216.5,United States of America,1
648,Tokyo,35.68501691,139.7514074,22006299.5,Japan,4512331,496,Aberdeen,57.17039797,-2.079987021,186577,United Kingdom,1
649,Tokyo,35.68501691,139.7514074,22006299.5,Japan,4512331,497,Abilene,32.4486253,-99.73278609,108008,United States of America,1
650,Tokyo,35.68501691,139.7514074,22006299.5,Japan,4512331,498,Ad Damman,26.42819175,50.09967037,1411656,Saudi Arabia,1
651,Tokyo,35.68501691,139.7514074,22006299.5,Japan,4512331,499,Almeria,36.83034751,-2.429991497,152032.5,Spain,1
652,Tokyo,35.68501691,139.7514074,22006299.5,Japan,4512331,500,Amiens,49.90037661,2.300004027,118908.5,France,1
653,Tokyo,35.68501691,139.7514074,22006299.5,Japan,4512331,501,Amsterdam,52.34996869,4.916640176,886318,Netherlands,1
654,Tokyo,35.68501691,139.7514074,22006299.5,Japan,4512331,502,An Najaf,32.00033225,44.33537105,612776,Iraq,1
655,Tokyo,35.68501691,139.7514074,22006299.5,Japan,4512331,503,Ankang,32.67998069,109.0200016,1025000,China,1
656,Tokyo,35.68501691,139.7514074,22006299.5,Japan,4512331,504,Annecy,45.89997479,6.116670287,77490.5,France,1
451,Oslo,59.91669029,10.74997921,707500,Norway,5121333,505,Riverside,33.94194501,-117.3980386,297554,United States of America,1
452,Oslo,59.91669029,10.74997921,707500,Norway,5121333,506,Sarnia,42.96663963,-82.3999681,113585,Canada,1
453,Oslo,59.91669029,10.74997921,707500,Norway,5121333,507,Shimonoseki,33.96543194,130.9454333,236198.5,Japan,1
454,Oslo,59.91669029,10.74997921,707500,Norway,5121333,508,Tanjungpandan,-2.750027243,107.6500077,61591,Indonesia,1
455,Oslo,59.91669029,10.74997921,707500,Norway,5121333,509,Topeka,39.05000531,-95.66998499,126830.5,United States of America,1
456,Oslo,59.91669029,10.74997921,707500,Norway,5121333,510,Vienna,48.20001528,16.36663896,2065500,Austria,1
457,Oslo,59.91669029,10.74997921,707500,Norway,5121333,511,Sakata,38.92003908,139.8500577,86507.5,Japan,1
458,Oslo,59.91669029,10.74997921,707500,Norway,5121333,512,Spokane,47.66999595,-117.4199494,272483.5,United States of America,1
459,Oslo,59.91669029,10.74997921,707500,Norway,5121333,513,Tukuyu,-9.249578838,33.64000321,77984,Tanzania,1
460,Oslo,59.91669029,10.74997921,707500,Norway,5121333,514,Bournemouth,50.72999005,-1.900049684,295272.5,United Kingdom,1
461,Oslo,59.91669029,10.74997921,707500,Norway,5121333,515,George Town,5.413613156,100.3293679,1610101,Malaysia,1
462,Oslo,59.91669029,10.74997921,707500,Norway,5121333,516,Innsbruck,47.28040733,11.4099906,133840.5,Austria,1
463,Oslo,59.91669029,10.74997921,707500,Norway,5121333,517,La Rochelle,46.16665102,-1.149992108,76903.5,France,1
464,Oslo,59.91669029,10.74997921,707500,Norway,5121333,518,La Romana,18.41700116,-68.96660201,202471.5,Dominican Republic,1
465,Oslo,59.91669029,10.74997921,707500,Norway,5121333,519,La Serena,-29.89999795,-71.24997685,151290,Chile,1
466,Oslo,59.91669029,10.74997921,707500,Norway,5121333,520,Laayoune,27.14998232,-13.20000594,182224.5,Morocco,1
467,Oslo,59.91669029,10.74997921,707500,Norway,5121333,521,Labe,11.31999249,-12.3000092,99612,Guinea,1
468,Oslo,59.91669029,10.74997921,707500,Norway,5121333,522,Lafayette,30.19997703,-92.01994938,135205.5,United States of America,1
469,Oslo,59.91669029,10.74997921,707500,Norway,5121333,523,Lahore,31.55997154,74.35002478,6443944,Pakistan,1
470,Oslo,59.91669029,10.74997921,707500,Norway,5121333,524,Lahti,60.99385968,25.66493445,97508,Finland,1
471,Oslo,59.91669029,10.74997921,707500,Norway,5121333,525,Lajes,-27.80958291,-50.30998885,139972,Brazil,1
472,Oslo,59.91669029,10.74997921,707500,Norway,5121333,526,Lansing,42.73352724,-84.54673629,198821.5,United States of America,1
473,Oslo,59.91669029,10.74997921,707500,Norway,5121333,527,Novoaltaysk,53.39925865,83.95884395,76218,Russia,1
474,Oslo,59.91669029,10.74997921,707500,Norway,5121333,528,Novocherkassk,47.41995953,40.08002356,159470.5,Russia,1
475,Oslo,59.91669029,10.74997921,707500,Norway,5121333,529,Nowra,-34.88284625,150.6000476,61036.5,Australia,1
476,Oslo,59.91669029,10.74997921,707500,Norway,5121333,530,Nueva San Salvador,13.67399699,-89.28999848,124694,El Salvador,1
477,Oslo,59.91669029,10.74997921,707500,Norway,5121333,531,Nyanza,-2.349586569,29.74003454,225209,Rwanda,1
478,Oslo,59.91669029,10.74997921,707500,Norway,5121333,532,Obihiro,42.93041445,143.1700101,169614,Japan,1
479,Oslo,59.91669029,10.74997921,707500,Norway,5121333,533,Oldenburg,53.1299986,8.220004434,163338,Germany,1
480,Oslo,59.91669029,10.74997921,707500,Norway,5121333,534,Olomouc,49.63003135,17.24999589,97829,Czech Republic,1
481,Oslo,59.91669029,10.74997921,707500,Norway,5121333,535,Malindi,-3.209999167,40.10002234,81160,Kenya,1
482,Oslo,59.91669029,10.74997921,707500,Norway,5121333,536,Manchester,53.50041526,-2.247987103,1312757.5,United Kingdom,1
483,Oslo,59.91669029,10.74997921,707500,Norway,5121333,537,Mangyshlak,43.69045506,51.14173561,147443,Kazakhstan,1
484,Oslo,59.91669029,10.74997921,707500,Norway,5121333,538,Manisa,38.63039268,27.43996822,237700,Turkey,1
485,Oslo,59.91669029,10.74997921,707500,Norway,5121333,539,Salzburg,47.81047833,13.0400203,178274,Austria,1
486,Oslo,59.91669029,10.74997921,707500,Norway,5121333,540,St. John’s,47.58498822,-52.68100692,115325.5,Canada,1
487,Oslo,59.91669029,10.74997921,707500,Norway,5121333,541,Uberaba,-19.7799955,-47.9500037,234807,Brazil,1
488,Oslo,59.91669029,10.74997921,707500,Norway,5121333,542,Blagoveshchensk,50.26660748,127.5333418,206711,Russia,1
516,Quito,-0.214988181,-78.50005111,1550407,Ecuador,5211978,543,Utrecht,52.10034568,5.120038614,478224,Netherlands,1
517,Quito,-0.214988181,-78.50005111,1550407,Ecuador,5211978,544,Regina,50.45003298,-104.6170099,176183,Canada,1
518,Quito,-0.214988181,-78.50005111,1550407,Ecuador,5211978,545,Severodvinsk,64.57002382,39.83001298,182077.5,Russia,1
519,Quito,-0.214988181,-78.50005111,1550407,Ecuador,5211978,546,Tiruvannamalai,12.26037437,79.09996741,138243,India,1
520,Quito,-0.214988181,-78.50005111,1550407,Ecuador,5211978,547,Kiffa,16.61997906,-11.39998661,73930,Mauritania,1
521,Quito,-0.214988181,-78.50005111,1550407,Ecuador,5211978,548,Kigali,-1.953590069,30.06053178,802630.5,Rwanda,1
522,Quito,-0.214988181,-78.50005111,1550407,Ecuador,5211978,549,Kilifi,-3.609613018,39.85001176,63228.5,Kenya,1
523,Quito,-0.214988181,-78.50005111,1550407,Ecuador,5211978,550,Killeen,31.11728538,-97.72748214,120464,United States of America,1
524,Quito,-0.214988181,-78.50005111,1550407,Ecuador,5211978,551,Kimberley,-28.74683836,24.77000199,153676.5,South Africa,1
525,Quito,-0.214988181,-78.50005111,1550407,Ecuador,5211978,552,Kindia,10.06001772,-12.86997441,93511,Guinea,1
526,Quito,-0.214988181,-78.50005111,1550407,Ecuador,5211978,553,Kisumu,-0.090034567,34.75001298,306047,Kenya,1
527,Quito,-0.214988181,-78.50005111,1550407,Ecuador,5211978,554,Kitale,1.030465514,34.98994665,112809,Kenya,1
528,Quito,-0.214988181,-78.50005111,1550407,Ecuador,5211978,555,Beira,-19.82004474,34.87000565,507196.5,Mozambique,1
529,Quito,-0.214988181,-78.50005111,1550407,Ecuador,5211978,556,Hawalli,29.33334002,47.99999756,164212,Kuwait,1
530,Quito,-0.214988181,-78.50005111,1550407,Ecuador,5211978,557,Haarlem,52.38043194,4.629991006,248773.5,Netherlands,1
531,Quito,-0.214988181,-78.50005111,1550407,Ecuador,5211978,558,Hachinohe,40.50999371,141.5400321,225575,Japan,1
532,Quito,-0.214988181,-78.50005111,1550407,Ecuador,5211978,559,Hamburg,53.55002464,9.999999144,1748058.5,Germany,1
533,Quito,-0.214988181,-78.50005111,1550407,Ecuador,5211978,560,Hamilton,-37.77000853,175.3000386,112145,New Zealand,1
534,Quito,-0.214988181,-78.50005111,1550407,Ecuador,5211978,561,Hamilton,43.24998151,-79.82999577,620501,Canada,1
535,Quito,-0.214988181,-78.50005111,1550407,Ecuador,5211978,562,Hania,35.51221092,24.01557776,66646.5,Greece,1
536,Quito,-0.214988181,-78.50005111,1550407,Ecuador,5211978,563,Hannover,52.36697023,9.716657266,618815,Germany,1
537,Quito,-0.214988181,-78.50005111,1550407,Ecuador,5211978,564,Hartford,41.77002016,-72.67996708,518509.5,United States of America,1
538,Quito,-0.214988181,-78.50005111,1550407,Ecuador,5211978,565,Hatay,36.2303583,36.12000688,305564,Turkey,1
539,Quito,-0.214988181,-78.50005111,1550407,Ecuador,5211978,566,San Juan,18.80700306,-71.22899657,72950,Dominican Republic,1
540,Quito,-0.214988181,-78.50005111,1550407,Ecuador,5211978,567,Sterlitamak,53.62999392,55.96003617,220040,Russia,1
541,Quito,-0.214988181,-78.50005111,1550407,Ecuador,5211978,568,Uruguaiana,-29.76961831,-57.08998845,97736.5,Brazil,1
542,Quito,-0.214988181,-78.50005111,1550407,Ecuador,5211978,569,Eldoret,0.520005716,35.26998124,285913.5,Kenya,1
543,Quito,-0.214988181,-78.50005111,1550407,Ecuador,5211978,570,Sarajevo,43.8500224,18.38300167,662816.5,Bosnia and Herzegovina,1
544,Quito,-0.214988181,-78.50005111,1550407,Ecuador,5211978,571,Takaoka,36.67002138,136.9999991,124437,Japan,1
545,Quito,-0.214988181,-78.50005111,1550407,Ecuador,5211978,572,Versailles,48.80046958,2.133347533,85416,France,1
546,Quito,-0.214988181,-78.50005111,1550407,Ecuador,5211978,573,Cologne,50.93000368,6.950004434,983697.5,Germany,1
547,Quito,-0.214988181,-78.50005111,1550407,Ecuador,5211978,574,Copiapo,-27.35999795,-70.33998071,117316.5,Chile,1
548,Quito,-0.214988181,-78.50005111,1550407,Ecuador,5211978,575,Coral Gables,25.71541872,-80.29107874,98700.5,United States of America,1
549,Quito,-0.214988181,-78.50005111,1550407,Ecuador,5211978,576,Dundee,56.47038902,-3.000008384,151013.5,United Kingdom,1
550,Quito,-0.214988181,-78.50005111,1550407,Ecuador,5211978,577,Durban,-29.865013,30.98001054,2729000,South Africa,1
551,Quito,-0.214988181,-78.50005111,1550407,Ecuador,5211978,578,Edmonton,53.55002464,-113.4999819,885195.5,Canada,1
552,Quito,-0.214988181,-78.50005111,1550407,Ecuador,5211978,579,Bucaramanga,7.1300932,-73.12588302,790410,Colombia,1
553,Quito,-0.214988181,-78.50005111,1550407,Ecuador,5211978,580,Bago,17.32001385,96.51497676,264347,Myanmar,1
554,Quito,-0.214988181,-78.50005111,1550407,Ecuador,5211978,581,Baguio City,16.42999066,120.5699426,360269,Philippines,1
555,Quito,-0.214988181,-78.50005111,1550407,Ecuador,5211978,582,Bahia Blanca,-38.74002684,-62.2650214,279041,Argentina,1
556,Quito,-0.214988181,-78.50005111,1550407,Ecuador,5211978,583,Baku,40.39527203,49.86221716,2007150,Azerbaijan,1
557,Quito,-0.214988181,-78.50005111,1550407,Ecuador,5211978,584,Balakovo,52.02998822,47.80001745,172821.5,Russia,1
558,Quito,-0.214988181,-78.50005111,1550407,Ecuador,5211978,585,Balikesir,39.6503821,27.89001827,249833.5,Turkey,1
559,Quito,-0.214988181,-78.50005111,1550407,Ecuador,5211978,586,Samara,53.19500755,50.15129512,996595,Russia,1
560,Quito,-0.214988181,-78.50005111,1550407,Ecuador,5211978,587,St. Paul,44.94398663,-93.08497481,509961,United States of America,1
561,Quito,-0.214988181,-78.50005111,1550407,Ecuador,5211978,588,Uberlandia,-18.89999754,-48.27998356,484862,Brazil,1
405,Moscow,55.75216412,37.61552283,10452000,Russia,6465542,589,Nairobi,-1.283346742,36.81665686,2880273.5,Kenya,1
406,Moscow,55.75216412,37.61552283,10452000,Russia,6465542,590,Nakhodka,67.75039817,77.51996049,159551,Russia,1
407,Moscow,55.75216412,37.61552283,10452000,Russia,6465542,591,Plymouth,50.38538576,-4.159989259,239436,United Kingdom,1
408,Moscow,55.75216412,37.61552283,10452000,Russia,6465542,592,Pointe-a-Pitre,16.24147504,-61.5329989,81887.5,France,1
409,Moscow,55.75216412,37.61552283,10452000,Russia,6465542,593,Poitier,46.58329226,0.333276529,85383.5,France,1
410,Moscow,55.75216412,37.61552283,10452000,Russia,6465542,594,Polatsk,55.48938946,28.78598425,79216,Belarus,1
411,Moscow,55.75216412,37.61552283,10452000,Russia,6465542,595,Pori,61.47889467,21.77493933,71526,Finland,1
412,Moscow,55.75216412,37.61552283,10452000,Russia,6465542,596,Port Elizabeth,-33.97003375,25.60002885,830527,South Africa,1
413,Moscow,55.75216412,37.61552283,10452000,Russia,6465542,597,Port Louis,-20.16663857,57.49999385,371953.5,Mauritius,1
414,Moscow,55.75216412,37.61552283,10452000,Russia,6465542,598,Port Moresby,-9.464707826,147.1925036,267434.5,Papua New Guinea,1
415,Moscow,55.75216412,37.61552283,10452000,Russia,6465542,599,Portland,43.67216158,-70.2455274,99504,United States of America,1
416,Moscow,55.75216412,37.61552283,10452000,Russia,6465542,600,Porto Alegre,-30.05001463,-51.20001205,2644870.5,Brazil,1
417,Moscow,55.75216412,37.61552283,10452000,Russia,6465542,601,Porto-Novo,6.483310973,2.616625528,267084,Benin,1
418,Moscow,55.75216412,37.61552283,10452000,Russia,6465542,602,Portsmouth,50.80034751,-1.080022218,323676,United Kingdom,1
419,Moscow,55.75216412,37.61552283,10452000,Russia,6465542,603,Potenza,40.64200213,15.7989965,69060,Italy,1
420,Moscow,55.75216412,37.61552283,10452000,Russia,6465542,604,Iskenderun,36.58041445,36.17002966,228954,Turkey,1
421,Moscow,55.75216412,37.61552283,10452000,Russia,6465542,605,Itajai,-26.89961261,-48.68001083,241421,Brazil,1
422,Moscow,55.75216412,37.61552283,10452000,Russia,6465542,606,Iwaki,37.0553467,140.8900459,324677,Japan,1
423,Moscow,55.75216412,37.61552283,10452000,Russia,6465542,607,Jönköping,57.7713432,14.16501623,86491,Sweden,1
424,Moscow,55.75216412,37.61552283,10452000,Russia,6465542,608,Jaén,37.77039349,-3.799985394,92909,Spain,1
425,Moscow,55.75216412,37.61552283,10452000,Russia,6465542,609,Jalal Abad,40.94288719,73.00251013,162299.5,Kyrgyzstan,1
426,Moscow,55.75216412,37.61552283,10452000,Russia,6465542,610,Jeddah,21.51688946,39.21919755,2939723,Saudi Arabia,1
427,Moscow,55.75216412,37.61552283,10452000,Russia,6465542,611,Jelgava,56.65270347,23.71280554,64499,Latvia,1
428,Moscow,55.75216412,37.61552283,10452000,Russia,6465542,612,Jianmen,30.65005292,113.1600073,937875,China,1
429,Moscow,55.75216412,37.61552283,10452000,Russia,6465542,613,Jilin,43.84997072,126.5500427,2138988.5,China,1
430,Moscow,55.75216412,37.61552283,10452000,Russia,6465542,614,Johor Bahru,1.480024637,103.7300402,838744.5,Malaysia,1
431,Moscow,55.75216412,37.61552283,10452000,Russia,6465542,615,Juazeiro,-9.420007712,-40.49996749,95132,Brazil,1
593,San Bernardino,34.12038373,-117.3000342,973690.5,United States of America,6546546,616,Ottawa,45.4166968,-75.7000153,978564.5,Canada,1
594,San Bernardino,34.12038373,-117.3000342,973690.5,United States of America,6546546,617,Ouahigouya,13.5704236,-2.419992108,70300,Burkina Faso,1
595,San Bernardino,34.12038373,-117.3000342,973690.5,United States of America,6546546,618,Ourense,42.32996014,-7.869995363,113095,Spain,1
596,San Bernardino,34.12038373,-117.3000342,973690.5,United States of America,6546546,619,Pabna,24.00038129,89.24999385,137888,Bangladesh,1
597,San Bernardino,34.12038373,-117.3000342,973690.5,United States of America,6546546,620,Palmas,-10.23773558,-48.2877867,215793.5,Brazil,1
598,San Bernardino,34.12038373,-117.3000342,973690.5,United States of America,6546546,621,Panevežys,55.74002016,24.37002641,122400,Lithuania,1
599,San Bernardino,34.12038373,-117.3000342,973690.5,United States of America,6546546,622,Pardubice,50.04041974,15.76000932,97902.5,Czech Republic,1
600,San Bernardino,34.12038373,-117.3000342,973690.5,United States of America,6546546,623,Pathein,16.77040916,94.74996822,216014.5,Myanmar,1
601,San Bernardino,34.12038373,-117.3000342,973690.5,United States of America,6546546,624,Pavlodar,52.29999758,76.95002112,316254,Kazakhstan,1
602,San Bernardino,34.12038373,-117.3000342,973690.5,United States of America,6546546,625,Pec,43.88973574,20.33011796,137332.5,Serbia,1
603,San Bernardino,34.12038373,-117.3000342,973690.5,United States of America,6546546,626,Peoria,40.69998212,-89.67004114,142622,United States of America,1
604,San Bernardino,34.12038373,-117.3000342,973690.5,United States of America,6546546,627,Perpignan,42.69998924,2.899967406,128663,France,1
605,San Bernardino,34.12038373,-117.3000342,973690.5,United States of America,6546546,628,Phoenix,33.53997988,-112.0699917,2436022.5,United States of America,1
606,San Bernardino,34.12038373,-117.3000342,973690.5,United States of America,6546546,629,Pietermaritzburg,-29.61004148,30.39002071,620898,South Africa,1
607,San Bernardino,34.12038373,-117.3000342,973690.5,United States of America,6546546,630,Bani,18.279999,-70.33100347,66709,Dominican Republic,1
608,San Bernardino,34.12038373,-117.3000342,973690.5,United States of America,6546546,631,San Fernando,-34.58002236,-70.98996688,60746,Chile,1
609,San Bernardino,34.12038373,-117.3000342,973690.5,United States of America,6546546,632,St.-Denis,-20.87889484,55.44807776,163621,France,1
610,San Bernardino,34.12038373,-117.3000342,973690.5,United States of America,6546546,633,Umeå,63.82999147,20.23999426,76101,Sweden,1
611,San Bernardino,34.12038373,-117.3000342,973690.5,United States of America,6546546,634,Leeuwarden,53.25037884,5.783357298,108601,Netherlands,1
612,San Bernardino,34.12038373,-117.3000342,973690.5,United States of America,6546546,635,Leon,42.57997072,-5.570006553,135014,Spain,1
613,San Bernardino,34.12038373,-117.3000342,973690.5,United States of America,6546546,636,Lexington,38.05001467,-84.50002079,244972,United States of America,1
614,San Bernardino,34.12038373,-117.3000342,973690.5,United States of America,6546546,637,Liberec,50.79995994,15.07999914,99972.5,Czech Republic,1
615,San Bernardino,34.12038373,-117.3000342,973690.5,United States of America,6546546,638,Lida,53.88847943,25.28464758,99126,Belarus,1
616,San Bernardino,34.12038373,-117.3000342,973690.5,United States of America,6546546,639,Lincoln,40.81997479,-96.68000086,244146,United States of America,1
617,San Bernardino,34.12038373,-117.3000342,973690.5,United States of America,6546546,640,Bologna,44.50042198,11.34002071,429694.5,Italy,1
618,San Bernardino,34.12038373,-117.3000342,973690.5,United States of America,6546546,641,Elazig,38.67997622,39.22999792,271492,Turkey,1
619,San Bernardino,34.12038373,-117.3000342,973690.5,United States of America,6546546,642,Ruhengeri,-1.499612611,29.63001542,86685,Rwanda,1
620,San Bernardino,34.12038373,-117.3000342,973690.5,United States of America,6546546,643,Soledad,10.92001691,-74.76999455,520704,Colombia,1
621,San Bernardino,34.12038373,-117.3000342,973690.5,United States of America,6546546,644,Toyama,36.69999371,137.2300109,329172,Japan,1
622,San Bernardino,34.12038373,-117.3000342,973690.5,United States of America,6546546,645,Criciuma,-28.68002073,-49.38996749,183085.5,Brazil,1
630,Seoul,37.5663491,126.999731,9796000,South Korea,7778584,646,Salamanca,40.97040489,-5.670000449,160456.5,Spain,1
631,Seoul,37.5663491,126.999731,9796000,South Korea,7778584,647,Spring Hill,28.47894513,-82.54771102,91887.5,United States of America,1
632,Seoul,37.5663491,126.999731,9796000,South Korea,7778584,648,Turkistan,43.30155458,68.25489294,86743.5,Kazakhstan,1
633,Seoul,37.5663491,126.999731,9796000,South Korea,7778584,649,Salt Lake City,40.7750163,-111.9300519,572013,United States of America,1
634,Seoul,37.5663491,126.999731,9796000,South Korea,7778584,650,St. George,37.10415509,-113.583336,79988,United States of America,1
635,Seoul,37.5663491,126.999731,9796000,South Korea,7778584,651,Tyler,32.35108604,-95.30078272,101561.5,United States of America,1
636,Seoul,37.5663491,126.999731,9796000,South Korea,7778584,652,Riga,56.95002382,24.09996537,723802.5,Latvia,1
637,Seoul,37.5663491,126.999731,9796000,South Korea,7778584,653,Sheffield,53.36667666,-1.499996583,922800,United Kingdom,1
638,Seoul,37.5663491,126.999731,9796000,South Korea,7778584,654,Tolyatti,53.48039064,49.53004106,648622,Russia,1
639,Seoul,37.5663491,126.999731,9796000,South Korea,7778584,655,Buenos Aires,-34.60250161,-58.39753137,11862073,Argentina,1
640,Seoul,37.5663491,126.999731,9796000,South Korea,7778584,656,Conselheiro Lafaiete,-20.6700187,-43.78999923,102926,Brazil,1
641,Seoul,37.5663491,126.999731,9796000,South Korea,7778584,657,Columbus,32.47043276,-84.98001734,202225,United States of America,1
432,New York,40.74997906,-73.98001693,13524139,United States of America,10445464,658,Sasebo,33.1631295,129.7177046,224347.5,Japan,1
433,New York,40.74997906,-73.98001693,13524139,United States of America,10445464,659,Semey,50.43499514,80.2750378,302066.5,Kazakhstan,1
434,New York,40.74997906,-73.98001693,13524139,United States of America,10445464,660,Taunggyi,20.78199907,97.03800065,160115,Myanmar,1
435,New York,40.74997906,-73.98001693,13524139,United States of America,10445464,661,Thimphu,27.47298586,89.63901404,88930.5,Bhutan,1
436,New York,40.74997906,-73.98001693,13524139,United States of America,10445464,662,Vila Velha,-20.36760822,-40.31798893,742413.5,Brazil,1
437,New York,40.74997906,-73.98001693,13524139,United States of America,10445464,663,Warsaw,52.25000063,20.99999955,1704569.5,Poland,1
438,New York,40.74997906,-73.98001693,13524139,United States of America,10445464,664,Antananarivo,-18.91663735,47.5166239,1544216.5,Madagascar,1
439,New York,40.74997906,-73.98001693,13524139,United States of America,10445464,665,Antsirabe,-19.85001707,47.03329423,307921,Madagascar,1
440,New York,40.74997906,-73.98001693,13524139,United States of America,10445464,666,Antsiranana,-12.27650152,49.3115261,76312,Madagascar,1
441,New York,40.74997906,-73.98001693,13524139,United States of America,10445464,667,Aqtobe,50.28001752,57.16998816,260493,Kazakhstan,1
442,New York,40.74997906,-73.98001693,13524139,United States of America,10445464,668,Arapiraca,-9.750013409,-36.66999455,177115,Brazil,1
443,New York,40.74997906,-73.98001693,13524139,United States of America,10445464,669,Araxa,-19.5795943,-46.95001306,70159.5,Brazil,1
444,New York,40.74997906,-73.98001693,13524139,United States of America,10445464,670,Örebro,59.2803467,15.2199906,95932,Sweden,1
445,New York,40.74997906,-73.98001693,13524139,United States of America,10445464,671,Arezzo,43.46172569,11.87497514,82613,Italy,1
446,New York,40.74997906,-73.98001693,13524139,United States of America,10445464,672,Arlington,32.68476076,-97.02023849,545107.5,United States of America,1
447,New York,40.74997906,-73.98001693,13524139,United States of America,10445464,673,Armavir,45.00039146,41.13003699,191813.5,Russia,1
448,New York,40.74997906,-73.98001693,13524139,United States of America,10445464,674,San Cristobal,18.4159981,-70.10900052,154040,Dominican Republic,1
449,New York,40.74997906,-73.98001693,13524139,United States of America,10445464,675,St. Petersburg,27.77053876,-82.67938257,523314.5,United States of America,1
450,New York,40.74997906,-73.98001693,13524139,United States of America,10445464,676,Ulm,48.40039064,9.999999144,146703,Germany,1
